brand,price,processor brand,processor number,processor year,processor clock speed,processor core count,SSD,drive capacity,RAM,GPU memory,screen size,pixel count,weight,speakers,touchscreen,microphone,webcam
ASUS,234990,Intel,9,2021.0,2.5,14.0,True,1024.0,32,8.0,17.3,3686400.0,2.90,True,True,True,False
ASUS,229990,Intel,9,2021.0,2.5,14.0,True,1024.0,32,8.0,15.6,3686400.0,2.30,True,True,True,False
HP,104091,AMD,7,,3.2,8.0,True,512.0,16,4.0,16.1,2073600.0,2.48,True,True,True,True
Lenovo,87717,AMD,7,2021.0,3.2,8.0,True,512.0,16,4.0,15.6,2073600.0,2.25,True,True,True,True
Lenovo,75990,Intel,5,2020.0,,,True,512.0,16,,14,,,True,True,True,True
Lenovo,78395,Intel,7,2020.0,2.4,4.0,True,512.0,16,,14,2073600.0,1.36,True,True,True,True
Lenovo,29290,Intel,1,,,,True,256.0,4,,15.6,,,False,True,False,True
Lenovo,91308,AMD,7,2021.0,1.8,8.0,True,1024.0,16,,13.3,2073600.0,1.31,True,True,True,True
ASUS,64990,Intel,5,2019.0,2.5,4.0,True,1024.0,8,4.0,15.6,2073600.0,2.30,True,True,True,True
DELL,32999,Intel,1,,3.1,4.0,True,256.0,8,,15.6,2073600.0,1.61,True,True,True,True
DELL,30990,AMD,1,,3.2,2.0,True,256.0,8,,15.6,2073600.0,1.68,True,True,True,True
DELL,149645,Intel,5,2020.0,2.4,8.0,True,512.0,16,,13.4,2073600.0,1.16,True,True,True,True
Lenovo,99219,AMD,7,2021.0,1.9,,True,512.0,16,,14,2073600.0,1.43,True,True,True,True
ASUS,82980,AMD,7,,,,True,512.0,16,4.0,15.6,2073600.0,,False,True,False,False
ASUS,36949,AMD,3,2019.0,,,True,256.0,8,,15.6,2073600.0,,False,True,False,False
ASUS,129990,AMD,9,2021.0,3.1,8.0,True,1024.0,32,4.0,13.4,2304000.0,1.3,True,True,True,True
MSI,158270,Intel,7,2020.0,4.60,,True,1024.0,16,8.0,15.6,2073600.0,2.9,True,True,True,True
ASUS,47990,Intel,3,2020.0,3,2.0,True,256.0,8,,15.6,2073600.0,1.80,True,True,True,True
realme,64990,Intel,5,2020.0,3.2,,True,512.0,16,,14,3110400.0,1.37,False,True,False,False
realme,64990,Intel,5,2020.0,3.2,,True,512.0,16,,14,3110400.0,1.37,False,True,False,False
realme,64990,Intel,5,2020.0,3.2,,True,512.0,16,,14,3110400.0,1.37,False,True,False,False
DELL,103990,Intel,7,2020.0,2.6,8.0,True,512.0,16,4.0,15.6,2073600.0,2.65,True,True,True,True
DELL,69490,AMD,5,,3.2,8.0,True,512.0,8,4.0,15.6,2073600.0,2.57,True,True,True,True
Avita,21990,Intel,1,,,,True,128.0,4,,14.1,2073600.0,,True,True,True,True
ASUS,74990,Intel,5,2021.0,4.5,8.0,True,512.0,16,,14,5184000.0,1.50,True,True,True,True
ASUS,94990,Intel,7,2021.0,3.0,6.0,True,512.0,16,,14,5184000.0,1.50,True,True,True,True
ASUS,89990,Intel,5,2021.0,1.7,12.0,True,512.0,16,,14,5184000.0,1.39,True,True,True,True
ASUS,134990,Intel,7,2021.0,2.3,12.0,True,1024.0,16,,14,5184000.0,1.40,True,True,True,True
ASUS,74990,Intel,5,2021.0,4.5,8.0,True,512.0,16,,14,5184000.0,1.50,True,True,True,True
ASUS,104990,Intel,7,2021.0,2.1,12.0,True,512.0,16,,14,5184000.0,1.39,True,True,True,True
ASUS,94990,Intel,7,2021.0,4.7,8.0,True,512.0,16,,14,5184000.0,1.50,True,True,True,True
ASUS,114990,Intel,5,2021.0,2.5,12.0,True,512.0,16,,14,5184000.0,1.40,True,True,True,True
DELL,42990,AMD,5,,2.1,4.0,True,256.0,8,,14,2073600.0,1.59,True,True,True,True
ASUS,80500,AMD,7,,,,True,512.0,8,4.0,15.6,2073600.0,,False,True,False,False
ASUS,106990,AMD,9,,,,True,512.0,16,6.0,16.6,2073600.0,,False,True,False,False
ASUS,43430,Intel,5,2019.0,,,True,256.0,8,,15.6,2073600.0,,False,True,False,False
ASUS,65990,Intel,5,2020.0,,,True,256.0,8,,15.6,777600.0,,False,True,False,False
ASUS,82449,AMD,7,,,,True,512.0,8,4.0,17.3,2073600.0,,False,True,False,False
ASUS,60990,Intel,5,2020.0,2.40,4.0,True,512.0,16,,14,2073600.0,1.40,True,True,True,True
ASUS,47990,Intel,5,2019.0,1.0,4.0,True,512.0,8,,15.6,2073600.0,1.80,True,True,True,True
DELL,138990,Intel,7,2021.0,3.5,14.0,True,1024.0,16,6.0,15.6,3686400.0,2.57,True,True,True,True
DELL,87990,Intel,5,2021.0,3.3,12.0,True,512.0,16,4.0,15.6,2073600.0,2.57,True,True,True,True
DELL,127990,Intel,7,2021.0,3.5,14.0,True,512.0,16,6.0,15.6,2073600.0,2.57,True,True,True,True
ASUS,36990,Intel,3,2020.0,3.00,2.0,True,256.0,8,,15.6,1049088.0,1.80,True,True,True,True
DELL,74490,Intel,5,2020.0,2.6,8.0,True,512.0,16,4.0,15.6,2073600.0,2.65,True,True,True,True
DELL,117490,Intel,7,2021.0,3.5,14.0,True,1024.0,16,4.0,15.6,2073600.0,2.57,True,True,True,True
DELL,104990,Intel,7,2021.0,3.5,14.0,True,512.0,16,4.0,15.6,2073600.0,2.57,True,True,True,True
DELL,69490,Intel,5,2020.0,2.6,8.0,True,512.0,8,4.0,15.6,2073600.0,2.65,True,True,True,True
acer,49990,Intel,5,2020.0,2.40,4.0,True,512.0,8,,15.6,2073600.0,1.65,True,True,True,True
ASUS,50990,Intel,3,2020.0,1.7,2.0,True,256.0,8,,15.6,2073600.0,1.80,True,True,True,True
ASUS,30990,Intel,3,2019.0,1.2,2.0,False,1024.0,8,,15.6,2073600.0,1.80,True,True,True,True
ASUS,67949,Intel,5,2020.0,,,True,512.0,16,,15.6,2073600.0,,False,True,False,False
HP,64990,Intel,5,2020.0,4.2,4.0,True,512.0,8,2.0,15.6,2073600.0,1.75,True,True,True,True
HP,71999,AMD,7,,2.0,8.0,True,512.0,16,,14,2073600.0,1.41,True,True,True,True
HP,62900,AMD,5,,2.4,6.0,True,512.0,16,,14,2073600.0,1.41,True,True,True,True
ASUS,78900,Intel,5,2020.0,,,True,1024.0,8,4.0,15.6,2073600.0,,False,True,False,False
acer,24990,Intel,1,,2.80,2.0,True,256.0,4,,11.6,1049088.0,1.4,True,True,True,True
acer,23990,Intel,1,,2.80,2.0,True,128.0,4,,11.6,1049088.0,1.4,True,True,True,True
acer,64990,Intel,5,2020.0,2.70,6.0,True,512.0,8,4.0,15.6,2073600.0,2.2,True,True,True,True
ASUS,25990,Intel,1,,1.1,2.0,True,256.0,4,,14,1049088.0,1.60,True,True,True,True
acer,49890,Intel,5,2020.0,2.40,2.0,True,512.0,8,,15.6,2073600.0,1.7,True,True,True,True
acer,109990,Intel,7,2021.0,4.70,14.0,True,512.0,16,4.0,15.6,2073600.0,2.6,True,True,True,True
HP,78190,AMD,5,,3.2,6.0,True,512.0,8,4.0,15.6,2073600.0,1.98,True,True,True,True
HP,129980,Intel,7,2021.0,4.7,14.0,True,1024.0,16,4.0,16.1,2073600.0,2.32,True,True,True,True
Lenovo,53990,Intel,3,2020.0,3.00,2.0,True,512.0,8,,15.6,2073600.0,1.9,True,True,True,True
ASUS,44900,AMD,5,2019.0,,,True,512.0,8,,15.6,777600.0,,False,True,False,False
DELL,36890,Intel,1,,1.1,4.0,True,256.0,8,,15.6,1049088.0,1.8,True,True,True,True
ASUS,66500,Intel,5,2020.0,,,True,256.0,8,,15.6,2073600.0,,False,True,False,False
ASUS,89590,AMD,7,,,,True,512.0,16,4.0,15.6,2073600.0,,False,True,False,False
DELL,68900,AMD,5,,4.00,6.0,True,512.0,16,,16,2304000.0,1.9,True,True,True,True
DELL,92490,Intel,5,2020.0,2.2,,True,512.0,16,4.0,15.6,2073600.0,2.4,True,True,True,True
ASUS,116990,Intel,7,2021.0,3.0,14.0,True,512.0,16,4.0,15.6,2073600.0,2.20,True,True,True,True
ASUS,234990,Intel,9,2021.0,2.5,14.0,True,1024.0,32,8.0,17.3,3686400.0,2.90,True,True,True,False
ASUS,229990,Intel,9,2021.0,2.5,14.0,True,1024.0,32,8.0,15.6,3686400.0,2.30,True,True,True,False
HP,104091,AMD,7,,3.2,8.0,True,512.0,16,4.0,16.1,2073600.0,2.48,True,True,True,True
Lenovo,87717,AMD,7,2021.0,3.2,8.0,True,512.0,16,4.0,15.6,2073600.0,2.25,True,True,True,True
Lenovo,75990,Intel,5,2020.0,,,True,512.0,16,,14,,,True,True,True,True
Lenovo,78395,Intel,7,2020.0,2.4,4.0,True,512.0,16,,14,2073600.0,1.36,True,True,True,True
Lenovo,29290,Intel,1,,,,True,256.0,4,,15.6,,,False,True,False,True
Lenovo,91308,AMD,7,2021.0,1.8,8.0,True,1024.0,16,,13.3,2073600.0,1.31,True,True,True,True
ASUS,64990,Intel,5,2019.0,2.5,4.0,True,1024.0,8,4.0,15.6,2073600.0,2.30,True,True,True,True
DELL,32999,Intel,1,,3.1,4.0,True,256.0,8,,15.6,2073600.0,1.61,True,True,True,True
DELL,30990,AMD,1,,3.2,2.0,True,256.0,8,,15.6,2073600.0,1.68,True,True,True,True
DELL,149645,Intel,5,2020.0,2.4,8.0,True,512.0,16,,13.4,2073600.0,1.16,True,True,True,True
Lenovo,99219,AMD,7,2021.0,1.9,,True,512.0,16,,14,2073600.0,1.43,True,True,True,True
ASUS,82980,AMD,7,,,,True,512.0,16,4.0,15.6,2073600.0,,False,True,False,False
ASUS,36949,AMD,3,2019.0,,,True,256.0,8,,15.6,2073600.0,,False,True,False,False
ASUS,129990,AMD,9,2021.0,3.1,8.0,True,1024.0,32,4.0,13.4,2304000.0,1.3,True,True,True,True
MSI,158270,Intel,7,2020.0,4.60,,True,1024.0,16,8.0,15.6,2073600.0,2.9,True,True,True,True
ASUS,47990,Intel,3,2020.0,3,2.0,True,256.0,8,,15.6,2073600.0,1.80,True,True,True,True
realme,64990,Intel,5,2020.0,3.2,,True,512.0,16,,14,3110400.0,1.37,False,True,False,False
realme,64990,Intel,5,2020.0,3.2,,True,512.0,16,,14,3110400.0,1.37,False,True,False,False
realme,64990,Intel,5,2020.0,3.2,,True,512.0,16,,14,3110400.0,1.37,False,True,False,False
DELL,103990,Intel,7,2020.0,2.6,8.0,True,512.0,16,4.0,15.6,2073600.0,2.65,True,True,True,True
DELL,69490,AMD,5,,3.2,8.0,True,512.0,8,4.0,15.6,2073600.0,2.57,True,True,True,True
Avita,21990,Intel,1,,,,True,128.0,4,,14.1,2073600.0,,True,True,True,True
DELL,90290,AMD,7,,3.2,8.0,True,512.0,16,4.0,15.6,2073600.0,2.57,True,True,True,True
HP,40990,Intel,3,2020.0,3.7,4.0,True,512.0,8,,15.6,2073600.0,1.69,True,True,False,True
DELL,73990,AMD,5,,3.2,8.0,True,512.0,16,4.0,15.6,2073600.0,2.57,True,True,True,True
ASUS,44990,AMD,5,,2.10,,True,512.0,8,,14,2073600.0,1.60,True,True,True,True
ASUS,49990,Intel,3,2020.0,4.1,2.0,True,256.0,8,,14,2073600.0,1.50,True,True,True,True
ASUS,42990,Intel,5,2019.0,1.0,4.0,False,1024.0,8,,15.6,2073600.0,1.80,True,True,True,True
ASUS,24999,Intel,1,,2.8,2.0,True,128.0,4,,11.6,1049088.0,1.26,True,True,True,True
ASUS,29990,Intel,1,,2.8,2.0,True,128.0,4,,11.6,1049088.0,1.40,True,True,True,True
ASUS,64990,AMD,7,,4.3,8.0,True,512.0,16,,15.6,2073600.0,1.80,True,True,True,True
ASUS,63990,Intel,5,2020.0,4.2,4.0,True,512.0,8,,14,2073600.0,1.50,True,True,True,True
ASUS,64990,AMD,7,,4.3,8.0,True,512.0,16,,15.6,2073600.0,1.80,True,True,True,True
ASUS,26990,Intel,1,,1.1,2.0,True,256.0,4,,15.6,1049088.0,1.80,True,True,True,True
ASUS,52990,Intel,3,2020.0,4.1,2.0,True,512.0,8,,14,2073600.0,1.50,True,True,True,True
ASUS,38990,Intel,3,2019.0,1.2,2.0,True,512.0,8,,15.6,2073600.0,1.80,True,True,True,True
ASUS,52990,AMD,7,,2.1,,True,512.0,16,,14,2073600.0,1.60,True,True,True,True
ASUS,34990,Intel,3,2020.0,3.00,2.0,False,1024.0,8,,15.6,1049088.0,1.80,True,True,True,True
ASUS,40990,Intel,3,2020.0,3.00,2.0,True,256.0,8,,15.6,2073600.0,1.80,True,True,True,True
HP,61990,AMD,5,,4.3,6.0,True,512.0,8,,15.6,2073600.0,1.75,True,True,True,True
HP,208190,Intel,9,2020.0,4.9,8.0,True,1024.0,32,6.0,15.6,8294400.0,2.14,True,True,True,True
HP,27490,Intel,1,,2.8,2.0,False,,4,,14,1049088.0,1.49,True,True,True,True
HP,27490,Intel,1,,2.8,2.0,False,,4,,14,1049088.0,1.49,True,True,True,True
HP,163190,Intel,7,2020.0,4.6,8.0,True,1024.0,16,4.0,15.6,8294400.0,2.14,True,True,True,True
HP,54990,AMD,5,,4.3,6.0,True,512.0,8,,14,2073600.0,1.41,True,True,True,True
HP,60190,AMD,5,,4.3,6.0,True,512.0,8,,15.6,2073600.0,1.75,True,True,True,True
HP,60190,AMD,5,,4.3,6.0,True,512.0,8,,15.6,2073600.0,1.75,True,True,True,True
HP,54990,AMD,5,,4.3,6.0,True,512.0,8,,14,2073600.0,1.41,True,True,True,True
HP,163190,Intel,7,2020.0,4.6,8.0,True,1024.0,16,4.0,15.6,8294400.0,2.14,True,True,True,True
DELL,44499,Intel,3,2020.0,4.1,2.0,True,512.0,8,,15.6,2073600.0,1.8,True,True,True,True
ASUS,54890,AMD,7,,2.3,4.0,True,512.0,16,,15.6,2073600.0,1.8,True,True,True,True
ASUS,35988,Intel,3,2020.0,1.7,2.0,True,256.0,4,,15.6,2073600.0,1.80,True,True,True,True
Lenovo,72990,Intel,5,2020.0,3.10,,True,512.0,8,4.0,15.6,2073600.0,2.25,True,True,True,True
HP,55990,Intel,3,2020.0,1.7,4.0,True,512.0,8,,14,2073600.0,1.52,True,True,True,True
Lenovo,77990,AMD,7,,3.2,8.0,True,512.0,16,4.0,15.6,2073600.0,2.25,True,True,True,True
Lenovo,69990,AMD,5,,3.3,,True,512.0,8,4.0,15.6,2073600.0,2.25,True,True,True,True
Lenovo,58990,Intel,3,2020.0,1.7,2.0,True,512.0,8,,14,2073600.0,,True,True,True,True
Lenovo,23990,Intel,1,,1.1,2.0,True,256.0,4,,11.6,1049088.0,,True,True,True,True
HP,87990,Intel,7,2020.0,2.9,4.0,True,512.0,16,,14,2073600.0,1.52,True,True,True,True
Lenovo,57990,AMD,5,,2.1,6.0,True,512.0,8,,14,2073600.0,,True,True,True,True
Lenovo,42990,Intel,3,2020.0,1.7,2.0,True,512.0,8,,14,2073600.0,,True,True,True,True
HP,75190,Intel,5,2020.0,2.5,4.0,True,512.0,16,,14,2073600.0,1.52,True,True,True,True
Lenovo,99990,Intel,7,2020.0,2.8,4.0,True,512.0,16,,14,2073600.0,,True,True,True,True
DELL,46790,AMD,5,,2.1,2.0,True,512.0,8,,15.6,2073600.0,1.8,True,True,True,True
DELL,40990,Intel,3,2019.0,1.2,2.0,True,512.0,8,,15.6,2073600.0,1.8,True,True,True,True
HP,42990,Intel,3,2020.0,3.7,4.0,True,512.0,8,,14,2073600.0,1.46,True,True,True,True
DELL,40990,AMD,3,,2.6,2.0,True,512.0,8,,15.6,2073600.0,1.8,True,True,True,True
DELL,40990,Intel,3,2019.0,1.2,,True,256.0,8,,15.6,2073600.0,1.8,True,True,True,True
HP,155490,Intel,7,2021.0,4.7,14.0,True,1024.0,16,6.0,16.1,2073600.0,2.32,True,True,True,True
ASUS,38990,Intel,3,2019.0,,,True,256.0,4,,14,1049088.0,,False,True,False,False
HP,104490,AMD,7,,4.4,8.0,True,512.0,16,4.0,16.1,2073600.0,2.32,True,True,True,True
HP,125500,AMD,7,,3.2,8.0,True,1024.0,16,,16.1,2073600.0,2.32,True,True,True,True
HP,40699,Intel,3,2020.0,,,False,1024.0,8,,15.6,1049088.0,,False,True,False,False
HP,37990,AMD,3,,,,False,1024.0,8,,15.6,1049088.0,,False,True,False,False
ASUS,83990,AMD,7,,4.2,8.0,True,512.0,8,4.0,15.6,2073600.0,2.10,True,True,True,False
ASUS,61986,Intel,5,2019.0,4.5,4.0,True,512.0,8,4.0,15.6,2073600.0,2.30,True,True,True,True
HP,43199,Intel,3,2020.0,,,True,512.0,8,,15.6,2073600.0,,False,True,False,False
ASUS,114990,AMD,7,,4.4,8.0,True,1024.0,16,4.0,14,3686400.0,1.60,True,True,True,False
ASUS,133990,AMD,7,,4.7,8.0,True,1024.0,16,6.0,17.3,2073600.0,2.60,True,True,True,True
HP,32990,Intel,1,,1.10,2.0,True,256.0,8,,14,1049088.0,1.46,True,True,True,True
Lenovo,79998,AMD,7,,1.8,8.0,True,512.0,16,,13.3,2073600.0,1.32,True,True,True,True
ASUS,54100,Intel,1,2019.0,,,False,128.0,4,,13.3,2073600.0,,False,True,False,False
ASUS,95990,Intel,7,2020.0,,,True,512.0,16,4.0,17.3,2073600.0,,False,True,False,False
HP,89251,Intel,5,2020.0,,,True,512.0,8,,15.6,1049088.0,,False,True,False,False
MSI,259990,Intel,7,2021.0,3.0,,True,1024.0,16,8.0,15.6,3686400.0,2.38,True,True,True,True
MSI,179990,Intel,7,2021.0,3.0,,True,1024.0,16,8.0,15.6,3686400.0,2.47,True,True,True,True
acer,144990,Intel,9,2020.0,5.20,8.0,True,1024.0,16,6.0,15.6,2073600.0,2.3,True,True,True,True
Lenovo,47499,Intel,5,2019.0,,,False,1024.0,4,,14,1049088.0,,False,True,False,False
HP,118990,Intel,7,2020.0,4.6,8.0,True,1024.0,16,4.0,16.1,2073600.0,2.32,True,True,True,True
HP,116990,Intel,7,2020.0,4.6,8.0,True,1024.0,16,4.0,16.1,2073600.0,2.32,True,True,True,True
ASUS,29940,Intel,1,,1.1,4.0,False,1024.0,4,,15.6,1049088.0,1.8,True,True,True,True
MSI,86990,Intel,7,2020.0,2.3,8.0,True,512.0,8,4.0,15.6,2073600.0,2.25,True,True,True,True
HP,52380,AMD,5,,,,True,512.0,8,,15.6,2073600.0,,False,True,False,False
HP,53499,Intel,3,2019.0,,,True,512.0,8,,14,2073600.0,,False,True,False,False
ASUS,48990,Intel,3,2020.0,3.0,2.0,True,256.0,8,,15.6,2073600.0,1.8,True,True,True,True
ASUS,26800,Intel,1,,1.1,2.0,False,,4,,11.6,1049088.0,1.05,True,True,True,True
ASUS,46800,Intel,3,2020.0,,,True,256.0,8,,15.6,2073600.0,,False,True,False,False
ASUS,61990,AMD,5,,4.0,6.0,True,512.0,16,,15.6,2073600.0,1.80,True,True,True,True
ASUS,61990,AMD,5,,2.1,6.0,True,512.0,16,,15.6,2073600.0,1.80,True,True,True,True
ASUS,21990,Intel,1,,2.8,2.0,False,,4,,11.6,1049088.0,1.05,False,True,True,True
ASUS,31990,Intel,3,2019.0,1.2,2.0,False,1024.0,8,,15.6,2073600.0,1.80,True,True,True,True
ASUS,21990,Intel,1,,2.8,2.0,False,,4,,11.6,1049088.0,1.05,True,True,True,True
ASUS,31990,Intel,1,,3.3,4.0,True,256.0,8,,14,1049088.0,1.30,True,True,True,True
ASUS,114990,Intel,5,2020.0,2.40,4.0,True,512.0,16,2.0,14,2073600.0,1.62,True,True,True,True
ASUS,114990,AMD,7,,4.7,8.0,True,1024.0,16,4.0,15.6,2073600.0,2.10,True,True,True,False
ASUS,301990,Intel,9,2021.0,2.5,14.0,True,1024.0,32,16.0,15.6,3686400.0,2.30,True,True,True,False
ASUS,113990,AMD,7,,4.7,8.0,True,512.0,16,4.0,15.6,2073600.0,2.10,True,True,True,False
Infinix,50990,Intel,7,2019.0,1.3,4.0,True,512.0,16,0.12,14,2073600.0,1.48,True,True,True,True
ASUS,108990,AMD,7,,4.7,8.0,True,512.0,16,4.0,15.6,2073600.0,2.10,True,True,True,False
ASUS,114990,AMD,7,,4.7,8.0,True,1024.0,16,4.0,15.6,2073600.0,2.10,True,True,True,False
Infinix,50990,Intel,7,2019.0,1.3,4.0,True,512.0,16,0.12,14,2073600.0,1.48,True,True,True,True
ASUS,264990,Intel,9,2021.0,2.5,14.0,True,2048.0,32,16.0,15.6,3686400.0,2.30,True,True,True,False
ASUS,99990,AMD,9,,3.3,8.0,True,1024.0,16,4.0,14,5184000.0,1.45,True,True,True,True
ASUS,116500,AMD,9,,3.3,8.0,True,1024.0,8,4.0,14,5184000.0,1.45,True,True,True,True
ASUS,99990,AMD,9,,4.6,8.0,True,1024.0,8,4.0,14,5184000.0,1.45,True,True,True,True
ASUS,162990,AMD,9,,3.3,8.0,True,1024.0,16,4.0,16,9216000.0,1.95,True,True,True,True
ASUS,79990,Intel,5,2020.0,4.2,4.0,True,512.0,16,,13.3,2073600.0,1.14,True,True,True,True
ASUS,134990,AMD,9,,4.6,8.0,True,1024.0,16,,14,5184000.0,1.40,True,True,True,True
ASUS,49990,Intel,5,2020.0,2.40,4.0,True,256.0,8,,14,2073600.0,1.60,True,True,True,True
ASUS,94990,Intel,7,2020.0,4.7,4.0,True,1024.0,16,,13.3,2073600.0,1.14,True,True,True,True
DELL,40990,Intel,3,2019.0,3.4,,True,512.0,8,,15.6,2073600.0,1.8,True,True,True,True
ASUS,69990,Intel,5,2020.0,4.2,4.0,True,512.0,8,,13.3,2073600.0,1.14,True,True,True,True
ASUS,35990,Intel,3,2020.0,4.1,2.0,True,256.0,8,,14,2073600.0,1.60,True,True,True,True
DELL,52632,AMD,3,,2.6,2.0,False,1024.0,8,,15.6,2073600.0,1.8,True,True,True,True
HP,33999,Intel,1,,1.1,4.0,True,256.0,8,,14,1049088.0,1.46,True,True,True,True
ASUS,79990,Intel,5,2020.0,4.2,4.0,True,512.0,16,,13.3,2073600.0,1.14,True,True,True,True
ASUS,89990,Intel,7,2020.0,4.7,4.0,True,512.0,16,,13.3,2073600.0,1.14,True,True,True,True
ASUS,114900,AMD,7,,4.4,8.0,True,1024.0,16,,14,5184000.0,1.40,True,True,True,True
DELL,41999,Intel,3,2020.0,4.1,2.0,True,256.0,8,,14,2073600.0,1.59,True,True,True,True
HP,68100,AMD,5,,,,True,512.0,8,4.0,16.1,2073600.0,,False,True,False,False
acer,26990,Intel,1,,1.10,,False,1024.0,4,,15.6,2073600.0,1.9,True,True,True,True
acer,32990,Intel,3,2020.0,3.00,,True,256.0,4,,15.6,2073600.0,1.7,True,True,True,True
acer,38990,Intel,3,2020.0,4.10,2.0,True,512.0,8,,15.6,2073600.0,1.7,True,True,True,True
HP,82000,Intel,5,2020.0,,,True,512.0,8,4.0,16.1,2073600.0,,False,True,False,False
acer,48990,Intel,5,2020.0,4.20,2.0,False,1024.0,8,,15.6,2073600.0,1.7,True,True,True,True
acer,24990,AMD,1,,1.2,,True,256.0,4,,14,1049088.0,1.9,True,True,True,True
Lenovo,62990,Intel,5,2020.0,4.2,4.0,True,512.0,16,,15.6,2073600.0,1.66,True,True,True,True
Lenovo,40990,Intel,3,2020.0,4.1,2.0,True,512.0,8,,15.6,2073600.0,1.7,True,True,True,True
Lenovo,45799,Intel,5,2019.0,4.2,4.0,True,512.0,8,,15.6,2073600.0,1.7,True,True,True,True
Lenovo,50990,Intel,5,2020.0,4.2,4.0,True,512.0,8,,14,2073600.0,Dual,True,True,False,True
ASUS,44490,Intel,3,2020.0,2.0,4.0,True,512.0,8,,14.1,2073600.0,1.4,True,True,True,True
ASUS,28290,Intel,1,,4020,2.0,False,1024.0,4,,15.6,1049088.0,1.8,True,True,True,True
Lenovo,72998,AMD,7,,1.9,8.0,True,1024.0,16,,14,3136000.0,1.38,True,True,True,True
Lenovo,59999,Intel,5,2020.0,4.2,4.0,True,512.0,8,,14,2073600.0,,True,True,False,True
MSI,74990,Intel,5,2020.0,2.7,6.0,True,512.0,8,4.0,15.6,2073600.0,2.25,True,True,True,True
MSI,49990,AMD,5,2021.0,2.1,6.0,True,256.0,8,,14,2073600.0,1.3,True,True,True,True
HP,39999,Intel,3,2020.0,1.7,4.0,True,256.0,8,,15.6,2073600.0,1.69,True,True,True,True
DELL,114990,AMD,7,,3.2,8.0,True,512.0,16,6.0,15.6,2073600.0,2.57,True,True,True,True
DELL,85990,Intel,5,2020.0,2.7,8.0,True,512.0,16,4.0,15.6,2073600.0,2.65,True,True,True,True
DELL,99990,Intel,7,2020.0,2.3,8.0,True,512.0,16,4.0,15.6,2073600.0,2.65,True,True,True,True
MSI,94990,Intel,7,2020.0,4.60,,True,512.0,16,4.0,15.6,2073600.0,2.25,True,True,True,True
DELL,99990,Intel,7,2020.0,1.9,8.0,True,512.0,16,4.0,15.6,2073600.0,2.4,True,True,True,True
MSI,69990,AMD,7,2021.0,1.8,8.0,True,512.0,8,,15.6,2073600.0,1.6,True,True,False,True
HP,42490,Intel,3,2020.0,,,True,512.0,8,,15.6,2073600.0,,False,True,False,False
HP,54990,Intel,5,2020.0,4.5,4.0,True,512.0,8,,15.6,2073600.0,1.69,True,True,True,True
HP,57990,Intel,5,2020.0,,,True,512.0,8,,15.6,2073600.0,,False,True,False,False
acer,49990,Intel,5,2020.0,4.20,4.0,False,1024.0,8,,15.6,2073600.0,1.65,True,True,True,True
acer,35990,AMD,3,,2.60,2.0,True,512.0,8,,15.6,2073600.0,1.9,True,True,True,True
HP,42490,Intel,3,2020.0,3.7,4.0,True,512.0,8,,15.6,2073600.0,1.69,True,True,False,True
acer,33999,AMD,3,,3.5,2.0,True,512.0,4,,15.6,2073600.0,1.9,True,True,True,True
ASUS,42990,Intel,3,2020.0,3.00,,True,512.0,8,,14,2073600.0,1.40,True,True,True,True
ASUS,87990,Intel,5,2020.0,4.2,4.0,True,512.0,16,,13.3,2073600.0,1.30,False,True,True,True
Lenovo,38990,Intel,3,2019.0,,,False,1024.0,8,,15.6,2073600.0,,False,True,False,False
ASUS,91900,AMD,5,,4.2,6.0,True,512.0,16,,14,5184000.0,1.40,True,True,True,True
ASUS,42990,Intel,3,2020.0,3.00,,True,512.0,8,,14,2073600.0,1.40,True,True,True,True
ASUS,42990,Intel,1,,1.1,4.0,False,,4,,13.3,2073600.0,0.78,True,True,True,True
ASUS,54990,Intel,1,,1.1,4.0,True,256.0,8,,13.3,2073600.0,0.78,True,True,True,True
ASUS,104990,Intel,7,2020.0,4.7,4.0,True,512.0,16,,13.3,2073600.0,1.30,False,True,True,True
ASUS,134990,Intel,7,2020.0,2.9,4.0,True,1024.0,16,2.0,14,2073600.0,1.62,True,True,True,True
ASUS,99990,Intel,5,2020.0,2.40,4.0,True,512.0,8,,14,2073600.0,1.62,True,True,True,True
ASUS,42990,Intel,3,2020.0,3.00,,True,512.0,8,,14,2073600.0,1.40,True,True,True,True
ASUS,87990,Intel,5,2020.0,4.2,4.0,True,512.0,16,,13.3,2073600.0,1.30,False,True,True,True
ASUS,42990,Intel,3,2020.0,3.00,,True,512.0,8,,14,2073600.0,1.40,True,True,True,True
ASUS,29990,Intel,1,,3.3,4.0,True,256.0,4,,14,2073600.0,1.50,True,True,True,True
ASUS,114990,Intel,5,2020.0,2.5,4.0,True,512.0,16,2.0,14,2073600.0,1.62,True,True,True,True
ASUS,99990,Intel,5,2020.0,2.5,4.0,True,512.0,8,,14,2073600.0,1.62,True,True,True,True
DELL,71990,Intel,5,2020.0,2.4,4.0,True,512.0,16,2.0,15.6,2073600.0,1.8,True,True,True,True
DELL,68990,Intel,5,2019.0,,,True,512.0,16,4.0,15.6,2073600.0,,False,True,False,False
Lenovo,72032,Intel,5,2020.0,,,True,512.0,16,,14,3136000.0,,False,True,False,False
HP,47990,AMD,5,,,,True,512.0,8,,15.6,2073600.0,,False,True,False,False
HP,47990,AMD,5,,2.1,6.0,True,512.0,8,,15.6,2073600.0,1.69,True,True,True,True
HP,41990,Intel,3,2020.0,1.7,4.0,True,512.0,8,,15.6,2073600.0,1.69,True,True,True,True
Lenovo,55999,Intel,5,2020.0,,,True,512.0,8,,15.6,2073600.0,,False,True,False,False
ASUS,79990,AMD,7,,4.4,8.0,True,512.0,16,4.0,14,2073600.0,1.60,True,True,True,False
ASUS,79990,AMD,7,,4.4,8.0,True,512.0,16,,14,2073600.0,1.60,True,True,True,False
ASUS,65990,Intel,5,2020.0,3.10,4.0,True,512.0,16,,14,5184000.0,1.40,True,True,True,True
ASUS,40990,Intel,3,2019.0,2.1,2.0,True,256.0,8,,15.6,1049088.0,1.80,True,True,True,True
acer,99990,AMD,7,,1.90,,True,1024.0,16,4.0,14,2073600.0,1.39,True,True,True,True
acer,74990,Intel,5,2020.0,4.20,4.0,True,512.0,8,,14,2073600.0,1.05,True,True,True,True
Lenovo,33990,Intel,3,2019.0,4.1,2.0,True,,8,,15.6,2073600.0,1.7,True,True,True,True
DELL,85990,Intel,5,2020.0,,4.0,True,512.0,8,2.0,15.6,2073600.0,,False,True,False,True
acer,139990,Intel,9,2020.0,2.50,8.0,True,1024.0,16,6.0,15.6,2073600.0,2.3,True,True,True,True
acer,169990,Intel,9,2020.0,2.50,8.0,True,1024.0,32,8.0,15.6,2073600.0,2.3,True,True,True,True
DELL,35990,Intel,1,2020.0,1.10,,True,256.0,4,,15.6,2073600.0,1.83,True,True,True,True
Lenovo,34490,Intel,3,2019.0,,,True,256.0,4,,14,2073600.0,,False,True,False,False
DELL,50999,Intel,3,2020.0,,,True,256.0,16,,15.6,2073600.0,1.83,False,True,False,True
ASUS,37899,Intel,3,2020.0,,,True,256.0,8,,15.6,,,False,True,False,False
ASUS,79990,AMD,7,,4.2,8.0,True,512.0,16,4.0,17.3,2073600.0,2.60,True,True,True,True
HP,56900,Intel,5,2020.0,4.5,4.0,True,512.0,8,,15.6,2073600.0,1.69,True,True,True,True
HP,31390,Intel,1,,2.8,2.0,True,256.0,8,,14,1049088.0,1.46,True,True,True,True
HP,39990,AMD,3,,3.8,4.0,True,512.0,8,,14,2073600.0,1.46,True,True,True,True
DELL,55490,Intel,5,2020.0,2.4,4.0,True,512.0,8,2.0,14,2073600.0,1.59,True,True,True,True
DELL,44490,AMD,5,,2.1,4.0,True,256.0,8,,15.6,2073600.0,1.8,True,True,True,True
DELL,70990,Intel,5,2020.0,2.5,4.0,True,512.0,16,,14,2073600.0,1.46,True,True,True,True
MSI,140990,Intel,7,2021.0,3.0,,True,1024.0,16,6.0,15.6,3686400.0,2.25,True,True,True,True
ASUS,79990,Intel,5,2020.0,4.2,4.0,True,512.0,8,,13.3,2073600.0,1.30,False,True,True,True
DELL,44090,Intel,3,2020.0,1.7,2.0,True,256.0,4,,14,2073600.0,1.59,True,True,True,True
MSI,279990,Intel,7,2021.0,4.7,,True,1024.0,32,8.0,15.6,3686400.0,2.1,True,True,True,True
DELL,60490,Intel,5,2020.0,2.4,4.0,True,512.0,16,2.0,14,2073600.0,1.59,True,True,True,True
DELL,59890,Intel,5,2020.0,2.4,4.0,True,256.0,8,,15.6,2073600.0,1.8,True,True,True,True
DELL,37990,Intel,3,2019.0,1.2,2.0,True,256.0,8,,14.96,2073600.0,1.8,True,True,True,True
DELL,38990,Intel,3,2020.0,1.7,2.0,True,256.0,8,,14.96,2073600.0,1.59,True,True,True,True
MSI,129990,AMD,9,2021.0,3.3,8.0,True,1024.0,16,10.0,15.6,2073600.0,1.9,True,True,True,True
acer,51990,AMD,5,,2.10,4.0,True,512.0,8,,15.6,2073600.0,1.76,True,True,True,True
DELL,40590,AMD,3,,3.5,2.0,True,256.0,8,,15.6,2073600.0,1.8,True,True,True,True
Lenovo,37999,Intel,3,2019.0,,,False,1024.0,8,,15.6,2073600.0,,False,True,False,False
HP,38990,AMD,3,,2.6,4.0,True,512.0,8,,15.6,2073600.0,1.69,True,True,True,True
Lenovo,36990,Intel,3,2019.0,2.1,2.0,True,512.0,8,,15.6,2073600.0,1.7,True,True,True,True
Lenovo,31990,Intel,3,2019.0,3.4,2.0,True,256.0,4,,14,2073600.0,1.6,True,True,True,True
Lenovo,89998,Intel,5,2020.0,,,True,512.0,8,0.5,15.6,2073600.0,,False,True,False,True
HP,47990,AMD,5,,2.1,6.0,True,512.0,8,,14,2073600.0,1.46,True,True,True,True
ASUS,130500,AMD,9,,3.3,8.0,True,1024.0,16,4.0,16,9216000.0,1.95,True,True,True,True
DELL,48990,Intel,3,2020.0,,,True,256.0,8,,15.6,2073600.0,1.83,False,True,False,True
MSI,46990,Intel,5,2020.0,2.5,,True,512.0,8,,14,2073600.0,1.3,True,True,True,True
MSI,76990,Intel,7,2020.0,5,4.0,True,512.0,8,2.0,14,2073600.0,1.3,True,True,True,True
HP,53990,Intel,3,2020.0,1.7,4.0,True,256.0,8,,14,2073600.0,1.52,True,True,True,True
ASUS,52990,Intel,3,2020.0,1.7,2.0,True,512.0,8,,14,2073600.0,1.50,True,True,True,True
ASUS,63990,Intel,5,2020.0,2.4,4.0,True,512.0,8,,14,2073600.0,1.50,True,True,True,True
ASUS,49990,Intel,3,2020.0,4.1,2.0,True,256.0,8,,14,2073600.0,1.50,True,True,True,True
HP,44190,AMD,3,,,,True,512.0,8,,14,1049088.0,,False,True,False,False
ASUS,36490,Intel,1,,1.1,4.0,True,256.0,8,,14.1,2073600.0,,True,True,True,True
ASUS,33990,Intel,1,,1.1,4.0,True,256.0,8,,14,2073600.0,1.3,True,True,True,True
ASUS,38000,Intel,3,2019.0,2.1,,False,1024.0,4,,15.6,1049088.0,1.80,False,True,False,True
Lenovo,74590,AMD,7,,3.2,8.0,True,512.0,16,4.0,15.6,2073600.0,2.4,True,True,True,True
acer,36999,Intel,3,2020.0,,,False,1024.0,4,,15.6,2073600.0,,False,True,False,False
Lenovo,79620,Intel,7,,4.2,,True,512.0,16,4.0,16,3136000.0,1.41,True,True,True,True
HP,119599,Intel,7,2020.0,,,True,512.0,8,,14,1049088.0,,False,True,False,False
Lenovo,79978,AMD,5,,2.10,4.0,True,1024.0,16,,13.3,2073600.0,1.31,True,True,True,True
Lenovo,68498,Intel,5,2020.0,2.4,4.0,True,512.0,16,,15.6,2073600.0,1.66,True,True,True,True
Lenovo,36599,Intel,3,2019.0,2.1,4.0,True,512.0,8,,15.6,2073600.0,1.65,True,True,True,True
Lenovo,85999,Intel,7,2020.0,,,True,512.0,16,,14.22,3136000.0,,False,True,False,False
Lenovo,40490,Intel,3,2020.0,,,True,512.0,8,,14,2073600.0,,False,True,False,False
HP,133990,Intel,7,2020.0,4.6,8.0,True,1024.0,16,6.0,16.1,2073600.0,2.32,True,True,True,True
ASUS,41690,Intel,3,2020.0,3.0,2.0,True,512.0,8,,15.6,2073600.0,1.80,True,True,True,True
Lenovo,41490,Intel,3,2020.0,,,True,256.0,8,,15,2073600.0,,False,True,False,False
DELL,59990,Intel,5,2020.0,,,True,256.0,8,,15.6,2073600.0,,False,True,False,False
LG,76990,Intel,5,2020.0,2.4,,True,256.0,8,,14,2073600.0,0.99,True,True,True,True
LG,76990,Intel,5,2020.0,2.4,,True,256.0,8,,14,2073600.0,0.99,True,True,True,True
Lenovo,39988,Intel,3,2020.0,2.1,4.0,True,256.0,8,,15.6,2073600.0,1.65,True,True,True,True
LG,86990,Intel,5,2020.0,2.4,,True,512.0,8,,16,4096000.0,1.19,True,True,True,True
acer,42990,AMD,5,,2.10,4.0,True,512.0,8,,15.6,2073600.0,1.9,True,True,True,True
ASUS,97990,AMD,9,,4.6,8.0,True,512.0,16,4.0,15.6,2073600.0,2.10,True,True,True,False
acer,34999,Intel,3,2020.0,3.00,2.0,True,256.0,4,,15.6,2073600.0,1.7,True,True,True,True
ASUS,135990,AMD,9,,3.3,8.0,True,1024.0,16,6.0,15.6,3686400.0,2.30,True,True,True,False
ASUS,27990,Intel,1,,1.10,4.0,False,1024.0,4,,15.6,2073600.0,1.90,True,True,True,True
acer,57990,Intel,5,2020.0,2.50,4.0,True,512.0,8,,15.6,2073600.0,1.8,True,True,True,True
ASUS,39990,Intel,3,2020.0,3.0,2.0,True,512.0,8,,14.1,2073600.0,1.6,True,True,True,True
ASUS,57710,Intel,5,2020.0,2.4,4.0,True,512.0,16,,17.3,2073600.0,2.3,True,True,True,True
ASUS,131990,AMD,9,,,,True,1024.0,16,6.0,14,3686400.0,,False,True,False,False
HP,43990,Intel,3,2020.0,,,False,1024.0,8,,15.6,2073600.0,,False,True,False,False
ASUS,46990,Intel,5,2020.0,2.4,2.0,True,256.0,8,,14,2073600.0,1.55,True,True,True,True
DELL,43490,AMD,3,,3.5,2.0,True,512.0,8,,15.6,2073600.0,1.8,True,True,True,True
DELL,45490,Intel,3,2020.0,4.1,2.0,True,512.0,8,,14.96,2073600.0,1.8,True,True,True,True
DELL,48990,Intel,3,2020.0,4.1,2.0,True,256.0,8,,15.6,2073600.0,1.8,True,True,True,True
DELL,58590,Intel,5,2020.0,2.4,4.0,True,256.0,8,,14,2073600.0,1.59,True,True,True,True
DELL,70490,AMD,5,,2.1,6.0,True,512.0,8,,14,2073600.0,1.56,True,True,True,True
DELL,40990,Intel,3,2019.0,1.2,2.0,True,512.0,8,,14,2073600.0,1.58,True,True,True,True
DELL,39490,Intel,3,2019.0,1.2,2.0,False,1024.0,8,,15.6,2073600.0,1.8,True,True,True,True
DELL,59490,AMD,5,,2.4,6.0,True,512.0,8,,14,2073600.0,1.5,True,True,True,True
DELL,33990,Intel,3,2020.0,1.7,2.0,False,1024.0,8,,14.96,2073600.0,1.8,True,True,True,True
DELL,38990,AMD,3,,3.5,2.0,True,512.0,8,,14,2073600.0,1.59,True,True,True,True
DELL,66490,Intel,5,2020.0,4.2,4.0,True,256.0,8,2.0,15.6,2073600.0,1.8,True,True,True,True
DELL,37390,AMD,3,,3.5,2.0,False,1024.0,8,,15.6,2073600.0,1.8,True,True,True,True
DELL,65990,Intel,5,2020.0,2.4,4.0,True,512.0,8,2.0,15.6,2073600.0,1.8,True,True,True,True
DELL,34990,AMD,3,,3.5,2.0,True,256.0,8,,14.96,2073600.0,1.8,True,True,True,True
DELL,44490,Intel,3,2020.0,4.1,2.0,True,256.0,8,,15.6,2073600.0,1.8,True,True,True,True
DELL,74990,Intel,5,2020.0,4.5,4.0,True,512.0,8,,14,2073600.0,1.5,True,True,True,True
DELL,74690,Intel,5,2020.0,2.6,4.0,True,512.0,16,2.0,15.6,2073600.0,1.64,True,True,True,True
HP,39980,AMD,5,,,,False,1024.0,8,,15.6,1049088.0,,False,True,False,False
Lenovo,48990,AMD,5,,2.1,,True,512.0,8,,15.6,2073600.0,,False,True,False,False
ASUS,30999,Intel,3,2019.0,2.1,2.0,False,1024.0,8,,14.1,1049088.0,1.6,True,True,True,True
Lenovo,39999,Intel,3,2019.0,2.1,4.0,True,256.0,4,,15.6,2073600.0,1.65,True,True,True,True
MSI,54990,Intel,5,2020.0,2.5,4.0,True,512.0,8,,14,2073600.0,1.3,True,True,True,True
HP,41990,Intel,3,2020.0,3.7,4.0,True,512.0,8,,15.6,1049088.0,1.75,True,True,True,True
HP,55990,Intel,3,2020.0,3.7,4.0,True,512.0,8,,14,2073600.0,1.52,True,True,True,True
HP,53990,Intel,5,2020.0,2.4,4.0,True,512.0,8,,15.6,2073600.0,1.75,True,True,True,True
Lenovo,41990,Intel,3,2020.0,1.7,2.0,True,512.0,8,,15.6,2073600.0,1.65,True,True,True,True
HP,41990,Intel,3,2020.0,3.7,4.0,True,512.0,8,,15.6,1049088.0,1.75,True,True,True,True
HP,111999,Intel,5,2020.0,2.4,,True,512.0,16,,13.5,2457600.0,1.34,True,True,True,True
Lenovo,47490,AMD,5,,2.1,6.0,True,512.0,8,,15.6,2073600.0,1.65,True,True,True,True
Lenovo,39990,Intel,3,2020.0,1.7,2.0,True,256.0,8,,14,2073600.0,1.5,True,True,True,True
MSI,84990,Intel,7,2020.0,4.8,,True,512.0,16,,14,2073600.0,1.29,True,True,True,True
MSI,37990,Intel,3,2020.0,3.00,,True,512.0,8,,14,2073600.0,1.3,True,True,True,True
DELL,61490,Intel,5,2020.0,2.4,4.0,True,512.0,8,,14,2073600.0,1.4,True,True,True,True
DELL,78490,Intel,5,2020.0,2.5,4.0,True,512.0,8,2.0,14,2073600.0,1.5,True,True,True,True
DELL,61490,Intel,5,2020.0,2.4,4.0,True,512.0,8,,15.6,2073600.0,1.8,True,True,True,True
DELL,84990,AMD,7,,1.8,8.0,True,512.0,16,,14,2073600.0,1.56,True,True,True,True
DELL,39490,AMD,3,,3.5,2.0,False,1024.0,8,,14.96,2073600.0,1.8,True,True,True,True
DELL,47990,Intel,3,2019.0,1.2,2.0,True,512.0,8,,15.6,2073600.0,1.8,True,True,True,True
DELL,58000,AMD,5,,3.5,4.0,True,256.0,8,,15.6,2073600.0,1.8,True,True,True,True
DELL,60490,Intel,3,2020.0,2.0,2.0,True,512.0,8,,14,2073600.0,1.5,True,True,True,True
DELL,61970,Intel,5,2020.0,2.4,4.0,True,256.0,8,,15.6,2073600.0,1.8,True,True,True,True
DELL,39390,AMD,3,,2.6,2.0,True,256.0,8,,15.6,2073600.0,1.8,True,True,True,True
DELL,71990,Intel,5,2020.0,4.5,4.0,True,512.0,8,,14,2073600.0,1.50,True,True,True,True
DELL,36000,Intel,1,,1.1,4.0,True,256.0,4,,15.6,2073600.0,1.8,True,True,True,True
DELL,35999,Intel,3,2020.0,1.7,2.0,True,256.0,4,,14,2073600.0,1.59,True,True,True,True
DELL,55990,Intel,5,2020.0,4.2,4.0,True,256.0,8,,15.6,2073600.0,1.8,True,True,True,True
DELL,47990,Intel,3,2020.0,1.7,2.0,True,256.0,8,,14,2073600.0,1.5,True,True,True,True
DELL,89890,Intel,5,2020.0,2.5,4.0,True,512.0,16,,14,2073600.0,1.5,True,True,True,True
DELL,34990,Intel,3,2019.0,1.2,2.0,True,256.0,4,,14,2073600.0,1.58,True,True,True,True
DELL,44490,AMD,5,,2.1,4.0,True,256.0,8,,14,2073600.0,1.59,True,True,True,True
DELL,65000,AMD,5,,2.1,6.0,True,512.0,8,,15.6,2073600.0,1.64,True,True,True,True
DELL,41990,Intel,3,2020.0,1.7,2.0,True,256.0,8,,14.96,2073600.0,1.8,True,True,True,True
DELL,39490,AMD,3,,3.5,2.0,True,256.0,8,,15.6,2073600.0,1.8,True,True,True,True
DELL,43990,AMD,3,,3.5,2.0,True,256.0,8,,14.96,2073600.0,1.8,True,True,True,True
DELL,69990,Intel,5,2020.0,4.5,4.0,True,512.0,16,,15.6,2073600.0,1.64,True,True,True,True
DELL,48990,Intel,3,2020.0,1.7,2.0,True,256.0,8,,15.6,2073600.0,1.8,True,True,True,True
DELL,49990,AMD,5,,2.1,4.0,True,512.0,8,,15.6,2073600.0,1.8,True,True,True,True
ASUS,56850,Intel,5,2020.0,4.2,4.0,True,512.0,16,,17.3,2073600.0,2.30,True,True,True,True
DELL,73519,Intel,5,2020.0,,,True,512.0,16,2.0,15.6,2073600.0,,False,True,False,False
ASUS,50940,Intel,3,2020.0,3.0,2.0,True,512.0,8,,15.6,2073600.0,1.8,True,True,True,True
DELL,75990,Intel,5,2019.0,4.5,4.0,True,512.0,8,4.0,15.6,,1.8,True,True,True,True
DELL,51990,AMD,5,,,,True,256.0,8,,15.6,,,False,True,False,False
DELL,59990,Intel,5,2020.0,2.4,4.0,True,256.0,8,,15.6,2073600.0,1.85,True,True,True,True
HP,35990,Intel,3,2020.0,1.7,2.0,False,1024.0,8,,14,1049088.0,1.47,True,True,True,True
ASUS,51990,Intel,5,2020.0,2.4,,True,256.0,8,,15.6,2073600.0,1.80,True,True,True,True
ASUS,55990,Intel,5,2020.0,2.4,,True,512.0,16,,14,2073600.0,1.40,True,True,True,True
ASUS,55990,Intel,5,2020.0,2.4,,True,512.0,16,,14,2073600.0,1.40,True,True,True,True
ASUS,47990,Intel,3,2020.0,3.00,,True,256.0,8,,15.6,2073600.0,1.80,True,True,True,True
ASUS,55990,Intel,5,2020.0,2.4,,True,512.0,16,,14,2073600.0,1.40,True,True,True,True
ASUS,58990,AMD,5,,4.0,,True,256.0,8,,15.6,2073600.0,1.80,True,True,True,True
ASUS,58990,AMD,5,,4.0,,True,256.0,8,,15.6,2073600.0,1.80,True,True,True,True
DELL,42490,Intel,3,2020.0,,,False,1024.0,8,,15.6,2073600.0,,False,True,False,False
ASUS,50990,Intel,3,2020.0,3.00,,True,512.0,8,,15.6,2073600.0,1.80,True,True,True,True
ASUS,69990,Intel,5,2020.0,2.4,,True,256.0,16,,15.6,2073600.0,1.80,True,True,True,True
ASUS,37990,Intel,3,2020.0,1.7,2.0,True,256.0,8,,15.6,2073600.0,1.80,True,True,True,True
Lenovo,86648,Intel,7,2020.0,,,True,512.0,16,,14,2073600.0,,False,True,False,False
HP,109000,AMD,7,2019.0,,,True,512.0,16,,13.3,2073600.0,,False,True,False,False
ASUS,32890,Intel,3,2019.0,2.1,2.0,True,256.0,8,,14,1049088.0,1.6,True,True,True,True
ASUS,34649,Intel,3,2019.0,2.1,2.0,False,1024.0,4,,15.6,1049088.0,1.80,True,True,True,True
ASUS,32489,Intel,3,2019.0,2.1,2.0,True,256.0,8,,14,921600.0,1.80,True,True,True,True
ASUS,34979,Intel,3,2020.0,3.0,2.0,True,256.0,8,,14,2073600.0,1.6,True,True,True,True
ASUS,89990,AMD,7,2021.0,3.2,8.0,True,1024.0,16,4.0,15.6,2073600.0,1.65,True,True,True,True
ASUS,139990,Intel,9,2020.0,2.5,8.0,True,1024.0,16,6.0,15.6,2073600.0,2.30,True,True,True,True
HP,58990,AMD,5,,2.40,6.0,True,512.0,8,4.0,15.6,2073600.0,1.98,True,True,True,True
HP,50390,Intel,3,2020.0,3.7,4.0,True,256.0,8,,14,2073600.0,1.49,True,True,True,True
DELL,43990,AMD,3,,3.5,2.0,False,1024.0,8,,15.6,,,True,True,True,True
HP,152999,Intel,7,2020.0,4.7,4.0,True,1024.0,16,,13.5,6000000.0,1.34,True,True,True,True
HP,79790,AMD,7,,4.4,8.0,True,1024.0,16,,13.3,2304000.0,0.97,True,True,True,True
HP,64790,AMD,5,,4.2,6.0,True,512.0,16,,13.3,2304000.0,0.97,True,True,True,True
HP,79990,AMD,7,,3.10,8.0,True,512.0,16,4.0,15.6,2073600.0,1.98,True,True,True,True
HP,56690,Intel,5,2020.0,4.2,4.0,True,512.0,8,,14,2073600.0,1.49,True,True,True,True
HP,87990,Intel,7,2020.0,4.8,4.0,True,512.0,16,4.0,15.6,2073600.0,2.23,True,True,True,True
HP,60390,Intel,5,2020.0,2.40,4.0,True,256.0,8,,14,2073600.0,1.49,True,True,True,True
HP,171990,Intel,7,2020.0,1.9,,True,1024.0,16,8.0,16.1,3686400.0,2.32,True,True,True,True
HP,69990,AMD,5,,2.40,6.0,True,512.0,8,4.0,15.6,2073600.0,1.98,True,True,True,True
HP,58450,Intel,5,2020.0,4.0,4.0,True,512.0,8,,14,2073600.0,1.41,True,True,True,True
HP,65970,Intel,5,2020.0,2.5,4.0,True,512.0,16,,14,2073600.0,1.41,True,True,True,True
DELL,97468,AMD,5,,3.3,6.0,True,512.0,8,4.0,14.96,2073600.0,2.5,True,True,True,True
HP,61990,Intel,5,2020.0,4.5,4.0,True,512.0,8,,15.6,2073600.0,1.75,True,True,True,True
ASUS,109990,AMD,9,,3.3,8.0,True,1024.0,16,4.0,14,5184000.0,1.45,True,True,True,True
ASUS,82500,Intel,7,2020.0,,,True,256.0,8,,15.6,2073600.0,,False,True,False,False
ASUS,34990,Intel,3,2019.0,2.1,2.0,False,1024.0,4,,15.6,2073600.0,1.90,True,True,True,True
ASUS,59990,Intel,5,2020.0,2.4,4.0,True,256.0,8,,15.6,2073600.0,1.8,True,True,True,True
MSI,179990,Intel,9,2020.0,2.1,,True,1024.0,16,6.0,16,4096000.0,2.2,True,True,True,True
ASUS,37490,Intel,3,2020.0,3.0,2.0,True,256.0,8,,15.6,2073600.0,1.8,True,True,True,True
Lenovo,54999,Intel,5,2019.0,1.6,4.0,True,512.0,8,2.0,15.6,2073600.0,1.85,True,True,True,True
HP,42740,Intel,3,2019.0,,,True,512.0,8,,14.1,,,False,True,False,False
DELL,57900,AMD,5,,,,True,1024.0,8,,15.6,,,False,True,False,False
Infinix,50990,Intel,7,2019.0,1.3,4.0,True,512.0,16,,14,2073600.0,1.48,True,True,True,True
HP,38990,Intel,3,2020.0,1.7,4.0,True,256.0,8,,14,2073600.0,1.46,True,True,True,True
Infinix,29990,Intel,3,2019.0,1.2,2.0,True,256.0,8,,14,2073600.0,1.48,True,True,True,True
Infinix,39990,Intel,5,2019.0,1.0,4.0,True,512.0,8,,14,2073600.0,1.48,True,True,True,True
Infinix,29990,Intel,3,2019.0,1.2,2.0,True,256.0,8,,14,2073600.0,1.48,True,True,True,True
Infinix,39990,Intel,5,2019.0,1.0,4.0,True,512.0,8,,14,2073600.0,1.48,True,True,True,True
Infinix,29990,Intel,3,2019.0,1.2,2.0,True,256.0,8,,14,2073600.0,1.48,True,True,True,True
ASUS,75990,AMD,5,,3.0,2.0,True,512.0,16,,13.3,2073600.0,1.80,True,True,True,True
Lenovo,45980,Intel,3,2020.0,,,True,512.0,8,,15.6,2073600.0,,False,True,False,False
HP,41490,Intel,3,2020.0,4.1,2.0,False,1024.0,8,,15.6,2073600.0,1.77,True,True,True,True
Lenovo,48490,AMD,5,,2.1,,True,512.0,8,,14,2073600.0,1.66,True,True,True,True
ASUS,62990,Intel,5,2020.0,4.2,4.0,True,256.0,16,,17.3,2073600.0,2.30,True,True,True,True
ASUS,89990,AMD,7,,3.2,8.0,True,512.0,16,4.0,14,5184000.0,1.40,True,True,True,True
ASUS,38890,Intel,3,2020.0,3.0,2.0,True,256.0,8,,14.1,2073600.0,1.6,True,True,True,True
Lenovo,67990,AMD,7,,1.9,8.0,True,512.0,16,,14,3136000.0,1.38,True,True,True,True
ASUS,27990,Intel,1,,1.1,1.0,True,256.0,4,,15.6,1049088.0,1.9,False,True,True,True
HP,65990,Intel,5,2020.0,4.5,4.0,True,512.0,16,,14,2073600.0,1.41,True,True,True,True
ASUS,18990,Intel,1,,2.8,2.0,False,,4,,11.6,1049088.0,1.24,True,True,True,True
Lenovo,60990,AMD,5,,3.3,6.0,True,512.0,8,4.0,15.6,2073600.0,2.25$$kg,True,True,True,True
Lenovo,38990,Intel,3,2020.0,3.00,2.0,True,256.0,8,,15.6,2073600.0,1.65,True,True,True,True
ASUS,33990,Intel,3,2020.0,4.1,2.0,True,256.0,4,,14,2073600.0,1.60,True,True,True,True
Avita,46990,Intel,5,2019.0,1.80,4.0,True,512.0,8,,14,2073600.0,1.25,True,True,True,True
DELL,42490,Intel,3,2020.0,1.7,2.0,True,256.0,8,,15.6,2073600.0,1.85,True,True,True,True
DELL,44090,Intel,3,2020.0,1.7,2.0,True,256.0,4,,14,2073600.0,1.58,True,True,True,True
DELL,70090,Intel,5,2020.0,2.5,,True,512.0,16,,14,2073600.0,1.5,True,True,True,True
DELL,48990,AMD,5,,2.1,4.0,True,512.0,8,,14,2073600.0,1.58,True,True,True,True
MSI,31990,Intel,3,2019.0,2.1,,True,256.0,8,,14,2073600.0,1.3,True,True,True,True
ASUS,35790,Intel,3,2020.0,3.0,2.0,False,1024.0,8,,15.6,1049088.0,1.8,True,True,True,True
MSI,46990,Intel,3,2019.0,2.1,,True,512.0,8,,14,2073600.0,1.3,True,True,True,True
MSI,57990,Intel,7,2019.0,1.8,,True,512.0,8,,14,2073600.0,1.3,True,True,True,True
MSI,74990,Intel,5,2020.0,4.2,,True,512.0,16,,14,2073600.0,1.29,True,True,True,True
ASUS,84990,Intel,5,2020.0,3.1,4.0,True,512.0,16,6.0,15.6,2073600.0,2,True,True,True,False
ASUS,34990,Intel,3,2019.0,1.2,,True,512.0,4,,15.6,2073600.0,1.80,True,True,True,True
ASUS,57990,Intel,7,2019.0,1.3,,True,512.0,16,,15.6,2073600.0,1.80,True,True,True,True
ASUS,38990,Intel,3,2019.0,1.2,,True,512.0,8,,15.6,2073600.0,1.80,True,True,True,True
ASUS,57990,Intel,7,2019.0,1.3,,True,512.0,16,,15.6,2073600.0,1.80,True,True,True,True
ASUS,38990,Intel,3,2019.0,1.2,,True,512.0,8,,15.6,2073600.0,1.80,True,True,True,True
DELL,58990,Intel,5,2020.0,,,False,1024.0,8,,15,2073600.0,,False,True,False,False
Lenovo,75099,AMD,5,,3.3,6.0,True,512.0,8,4.0,15.6,2073600.0,2.4,True,True,True,True
HP,42990,Intel,3,2020.0,2.1,,True,512.0,8,,15.6,1049088.0,1.75,True,True,True,True
ASUS,35990,Intel,3,2020.0,3.0,2.0,False,1024.0,8,,15.6,1049088.0,1.8,True,True,True,True
DELL,49500,Intel,3,2020.0,,,True,256.0,8,,15.6,2073600.0,,False,True,True,True
ASUS,33990,AMD,3,,2.6,2.0,True,256.0,8,,14.1,2073600.0,1.5,True,True,True,True
ASUS,139990,AMD,9,2021.0,3.1,8.0,True,1024.0,16,4.0,14,3686400.0,1.7,True,True,True,True
DELL,39997,Intel,3,2020.0,,,False,1024.0,8,,15.6,2073600.0,,False,True,False,False
acer,59990,Intel,5,2020.0,2.40,4.0,True,512.0,8,,14,2073600.0,1.2,True,True,True,True
HP,59999,AMD,5,,4.5,6.0,True,512.0,16,,14,2073600.0,1.41,True,True,False,True
Lenovo,170000,Intel,7,2019.0,,,True,512.0,16,2.0,12,2073600.0,,False,True,False,False
HP,62990,Intel,5,2020.0,4.20,4.0,True,512.0,8,,15.6,2073600.0,1.75,True,True,True,True
HP,55490,AMD,7,,1.8,,True,512.0,8,,14,2073600.0,1.46,True,True,True,True
ASUS,81399,AMD,7,2020.0,2.9,8.0,True,1024.0,8,4.0,14,3686400.0,1.6,True,True,True,False
Lenovo,137990,AMD,7,,3.2,8.0,True,1024.0,16,6.0,15.6,2073600.0,2.4,True,True,True,True
Lenovo,77990,AMD,7,,1.8,,True,512.0,16,,13.3,2073600.0,1.32,True,True,True,True
ASUS,76990,AMD,7,2020.0,2.9,8.0,True,1024.0,8,4.0,14,2138400.0,1.6,True,True,True,False
ASUS,86990,AMD,7,2021.0,3.0,8.0,True,1024.0,8,4.0,14,2073600.0,1.6,True,True,True,False
Lenovo,30699,Intel,1,,2.8,2.0,True,256.0,4,,14,1049088.0,1.5,True,True,True,True
Lenovo,29999,Intel,1,,,,False,1024.0,4,,15.6,2073600.0,1.85,False,True,False,False
MSI,119990,Intel,7,2020.0,4.6,,True,1024.0,16,8.0,15.6,3686400.0,2.25,True,True,True,True
DELL,40990,Intel,3,2019.0,1.2,2.0,False,1024.0,8,,15.6,2073600.0,1.85,True,True,True,True
MSI,72990,Intel,5,2020.0,4.5,,True,512.0,16,4.0,15.6,2073600.0,2.25,True,True,True,True
Lenovo,74798,AMD,5,,2.10,4.0,True,512.0,16,,13.3,2073600.0,1.31,True,True,True,True
Lenovo,43990,Intel,3,2020.0,3.0,,True,256.0,4,,15.6,2073600.0,,True,True,False,True
Lenovo,62990,Intel,5,2019.0,,,False,1024.0,8,4.0,15.6,2073600.0,,False,True,False,False
ASUS,75990,AMD,7,,2.9,8.0,True,512.0,8,4.0,15.6,2073600.0,2.10,True,True,True,False
acer,80990,AMD,7,,3.2,,True,256.0,16,4.0,15.6,2073600.0,2.4,True,True,True,True
HP,128990,Intel,7,2020.0,4.7,4.0,True,1024.0,16,,13.5,2457600.0,1.34,True,True,True,True
HP,59990,Intel,3,2020.0,2.1,,True,512.0,8,,14,2073600.0,1.52,True,True,True,True
HP,59890,AMD,5,,4.0,,True,512.0,16,,14,2073600.0,1.41,True,True,True,True
Lenovo,43900,Intel,3,2019.0,1.2,,True,256.0,8,,15.6,1049088.0,1.85,True,True,True,True
ASUS,74990,AMD,7,2020.0,,,True,512.0,8,4.0,15.6,777600.0,,False,True,False,False
acer,37490,Intel,3,2020.0,3.00,,True,256.0,4,,15.6,2073600.0,,True,True,True,True
Lenovo,38700,Intel,3,2019.0,,,True,256.0,4,,12,2073600.0,,False,True,False,False
acer,31990,AMD,1,,2.30,,True,256.0,4,,15.6,1049088.0,1.9,True,True,True,True
Lenovo,40990,Intel,3,2019.0,,,True,256.0,4,,15.6,2073600.0,,False,True,False,False
DELL,42590,Intel,3,2019.0,1.2,2.0,True,256.0,8,,15.6,2073600.0,1.85,True,True,True,True
DELL,42900,Intel,3,2020.0,,,False,1024.0,8,,15.6,2073600.0,,False,True,False,True
Lenovo,24990,Intel,1,,2.8,,False,,4,,14,2073600.0,1.4,True,True,True,True
DELL,83990,AMD,5,,3.3,,True,512.0,8,4.0,15.6,2073600.0,2.4,True,True,True,True
HP,138990,AMD,9,,3.3,,True,1024.0,16,8.0,16.1,3686400.0,2.23,True,True,True,True
ASUS,56449,Intel,5,2020.0,2.4,,True,256.0,8,2.0,15.6,2073600.0,,True,True,True,True
DELL,69500,Intel,5,2020.0,,,True,512.0,16,,15.6,2073600.0,,False,True,False,False
DELL,134990,Intel,7,2020.0,1.9,8.0,True,1024.0,16,6.0,15.6,2073600.0,2.4,True,True,True,True
DELL,71000,Intel,5,2020.0,2.4,4.0,True,256.0,8,2.0,15.6,2073600.0,1.85,True,True,True,True
Nokia,45990,Intel,5,2020.0,2.4,4.0,True,512.0,8,,14,2073600.0,1.4,True,True,True,True
Nokia,49990,Intel,5,2020.0,2.4,4.0,True,512.0,16,,14,2073600.0,1.4,True,True,True,True
DELL,41990,Intel,3,2020.0,1.7,2.0,True,256.0,8,,14,2073600.0,1.58,True,True,True,True
DELL,82990,Intel,5,2020.0,2.5,4.0,True,512.0,8,2.0,14,2073600.0,1.5,True,True,True,True
DELL,71090,Intel,5,2020.0,2.5,4.0,True,512.0,16,,14,2073600.0,1.46,True,True,True,True
DELL,73990,Intel,5,2020.0,2.5,4.0,True,512.0,8,,14,2073600.0,1.5,True,True,True,True
DELL,41390,Intel,3,2019.0,1.2,,False,1024.0,8,,14.96,2073600.0,1.85,True,True,True,True
DELL,83490,AMD,5,,3.3,,True,512.0,16,4.0,15.6,2073600.0,2.4,True,True,True,True
DELL,46890,Intel,3,2019.0,1.2,,True,256.0,8,,15.6,2073600.0,1.85,True,True,True,True
DELL,38499,AMD,1,,2.3,,True,256.0,4,,15.6,1049088.0,1.83,True,True,True,True
HP,105000,Intel,5,2020.0,2.4,,True,512.0,8,,13.3,2457600.0,1.27,True,True,True,True
DELL,44490,Intel,3,2019.0,1.2,2.0,True,256.0,8,,15.6,2073600.0,1.85,True,True,True,True
DELL,42490,AMD,5,,2.1,4.0,True,256.0,8,,15.6,2073600.0,1.83,True,True,True,True
Nokia,39990,Intel,5,2019.0,2.1,4.0,True,512.0,8,,14,1049088.0,1.4,True,True,True,True
HP,79190,Intel,5,2020.0,2.4,,True,512.0,16,4.0,14,8294400.0,1.59,True,True,True,True
DELL,61900,Intel,5,2020.0,2.4,2.0,True,512.0,8,,14,2073600.0,1.58,True,True,True,True
DELL,108990,Intel,7,2020.0,1.9,8.0,True,512.0,16,4.0,15.6,2073600.0,2.4,True,True,True,True
DELL,49990,Intel,5,2020.0,2.4,4.0,True,256.0,8,,14,2073600.0,1.58,True,True,True,True
DELL,80990,Intel,5,2020.0,2.5,4.0,True,512.0,16,2.0,14,2073600.0,1.5,True,True,True,True
DELL,49490,Intel,3,2020.0,1.7,2.0,True,256.0,8,,15.6,2073600.0,1.85,True,True,True,True
HP,115990,Intel,5,2020.0,4.2,4.0,True,512.0,16,,13.5,2457600.0,1.34,True,True,True,True
ASUS,44990,Intel,5,2019.0,1.0,4.0,False,1024.0,8,,15.6,2073600.0,1.80,True,True,True,True
ASUS,132990,AMD,9,,3.1,8.0,True,1024.0,16,4.0,13.4,2304000.0,1.30,True,True,True,True
ASUS,58990,AMD,5,,2.1,,True,256.0,8,,15.6,2073600.0,1.80,True,True,True,True
ASUS,46990,Intel,3,2020.0,3.0,2.0,True,256.0,8,,15.6,2073600.0,1.80,True,True,False,True
ASUS,142990,AMD,9,,3.1,8.0,True,1024.0,32,4.0,13.4,2304000.0,1.30,True,True,True,True
ASUS,117990,AMD,9,,3.3,8.0,True,1024.0,16,4.0,15.6,2073600.0,2.10,True,True,True,False
ASUS,154990,Intel,7,2020.0,4.6,,True,1024.0,16,6.0,16,4096000.0,1.90,True,True,True,True
ASUS,67990,Intel,5,2020.0,2.4,4.0,True,256.0,16,,15.6,2073600.0,1.80,True,True,True,True
ASUS,156990,AMD,9,,3.1,8.0,True,1024.0,32,4.0,13.4,9216000.0,1.30,True,True,True,True
ASUS,129990,Intel,7,2020.0,4.6,,True,1024.0,16,4.0,16,2304000.0,1.90,True,True,True,True
Lenovo,75199,AMD,5,,3.3,6.0,True,512.0,8,4.0,15.6,2073600.0,2.4,True,True,True,True
Lenovo,65990,Intel,5,2020.0,3.1,,True,512.0,8,4.0,15.6,2073600.0,2.25,True,True,True,True
Lenovo,51990,Intel,5,2020.0,2.2,4.0,True,512.0,8,,15.6,2073600.0,1.65,True,True,True,True
Lenovo,157990,Intel,7,2020.0,1.9,,True,1024.0,16,6.0,16,3686400.0,,False,True,False,True
Lenovo,29990,Intel,1,,2.8,,True,256.0,4,,14,1049088.0,1.5,True,True,True,True
Lenovo,61990,Intel,5,2020.0,2.4,,True,512.0,16,,14,2073600.0,,False,True,False,True
Lenovo,75990,AMD,5,,4.0,,True,512.0,16,,13.3,2073600.0,1.31,True,True,True,True
Lenovo,34990,Intel,3,2019.0,2.1,,True,256.0,8,,14,2073600.0,,False,True,False,True
Lenovo,60990,AMD,5,,3.0,6.0,True,256.0,8,4.0,15.6,2073600.0,2.3,True,True,True,True
Lenovo,38998,Intel,3,2019.0,1.2,,True,256.0,8,,15.6,1049088.0,1.85,True,True,True,True
Lenovo,96890,Intel,5,2020.0,2.4,,True,512.0,16,2.0,15.6,2073600.0,,False,True,False,True
HP,65490,AMD,3,2020.0,,,True,512.0,8,4.0,15.6,2073600.0,,False,True,False,False
ASUS,53750,Intel,5,2020.0,2.4,4.0,True,512.0,8,,15.6,2073600.0,1.75,True,True,True,True
HP,58990,AMD,5,,4.0,6.0,True,512.0,8,,14,2073600.0,1.41,True,True,True,True
HP,75990,Intel,5,2020.0,3.1,4.0,True,512.0,8,4.0,15.6,2073600.0,2.23,True,True,True,True
Lenovo,84990,Intel,7,2020.0,2.8,,True,512.0,16,,14,2073600.0,1.5,True,True,False,True
Lenovo,54990,Intel,5,2020.0,2.4,,True,512.0,8,,13,4096000.0,1.26,False,True,False,True
Lenovo,60990,Intel,5,2020.0,2.4,,True,512.0,16,,13,4096000.0,1.26,False,True,False,True
Lenovo,38990,Intel,3,2020.0,3.0,,True,256.0,4,,15,2073600.0,1.7,True,True,False,True
Lenovo,56990,AMD,5,,2.3,,True,512.0,8,,14,2073600.0,1.69,False,True,False,True
Lenovo,58990,Intel,5,2020.0,2.4,,True,1024.0,8,,13.3,4096000.0,2.023,False,True,False,True
Lenovo,85990,Intel,7,2020.0,2.8,,True,1024.0,16,,13,4096000.0,1.26,False,True,False,True
HP,97899,Intel,7,2020.0,3.3,4.0,True,512.0,16,4.0,15.6,2073600.0,2.23,True,True,True,True
Lenovo,54990,Intel,5,2020.0,2.4,,True,512.0,8,,14,2073600.0,1.6,True,True,False,True
RedmiBook,43490,Intel,3,2020.0,3.0,,True,512.0,8,,15.6,2073600.0,1.8,False,True,False,True
Lenovo,41990,Intel,3,2019.0,,,True,256.0,8,,15.6,2073600.0,,False,True,False,False
Lenovo,34490,AMD,3,,2.6,,False,1024.0,4,,15.6,1049088.0,1.85,True,True,True,True
acer,31990,AMD,1,,1.20,,True,256.0,4,,15.6,1049088.0,1.9,True,True,False,True
HP,33990,AMD,3,,2.6,2.0,True,256.0,8,,15.6,2073600.0,1.69,True,True,True,True
HP,80390,AMD,7,,1.8,,True,512.0,16,2.0,14,2073600.0,1.41,True,True,True,True
HP,64990,AMD,5,,2.1,,True,512.0,16,2.0,14,2073600.0,1.41,True,True,True,True
HP,92940,Intel,7,2020.0,2.8,4.0,True,1024.0,16,2.0,13.3,2073600.0,1.30,True,True,True,True
Lenovo,117990,Intel,7,2020.0,2.3,8.0,True,512.0,16,4.0,15.6,2073600.0,2.4,True,True,True,True
Lenovo,65990,Intel,5,2020.0,3.1,,True,512.0,8,4.0,15.6,2073600.0,2.25,True,True,True,True
Lenovo,69990,Intel,5,2020.0,4.2,,True,512.0,16,2.0,14,3136000.0,1.41,True,True,True,True
Lenovo,54490,Intel,5,2019.0,4.2,,True,512.0,8,2.0,15.6,2073600.0,1.7,True,True,True,True
Lenovo,28490,Intel,1,,1.1,2.0,False,,4,,11.6,1049088.0,1.25,True,True,True,True
Lenovo,45990,Intel,5,2019.0,4.2,,True,512.0,8,,15.6,2073600.0,1.7,True,True,True,True
acer,95990,Intel,7,2020.0,2.30,8.0,True,512.0,16,4.0,15.6,3686400.0,2.3,True,True,True,True
ASUS,34990,Intel,3,2020.0,3.0,,True,256.0,4,,15.6,2073600.0,1.80,True,True,True,True
acer,95990,Intel,7,2020.0,2.30,8.0,True,512.0,16,4.0,15.6,3686400.0,2.3,True,True,True,True
ASUS,34990,Intel,3,2020.0,3.0,,True,256.0,4,,15.6,2073600.0,1.80,True,True,True,True
ASUS,72990,Intel,5,2020.0,2.4,,True,512.0,8,,14,2073600.0,1.17,True,True,True,True
ASUS,50990,Intel,5,2020.0,2.4,,True,256.0,8,,15.6,2073600.0,1.80,True,True,True,True
ASUS,35990,AMD,3,2019.0,2.6,2.0,True,256.0,8,,15.6,2073600.0,1.80,True,True,True,True
acer,44990,Intel,5,2020.0,2.40,4.0,True,1024.0,8,,14,2073600.0,1.55,True,True,True,True
acer,44490,AMD,5,,2.1,4.0,True,512.0,8,,15.6,2073600.0,1.9,True,True,True,True
acer,52990,Intel,5,2020.0,2.40,4.0,True,512.0,8,,15.6,2073600.0,1.65,True,True,True,True
acer,53290,Intel,5,2020.0,2.40,4.0,True,256.0,8,,15.6,2073600.0,1.65,True,True,True,True
acer,54990,Intel,5,2020.0,2.40,4.0,True,256.0,8,,15.6,2073600.0,1.65,True,True,True,True
ASUS,91990,AMD,7,,2.9,8.0,True,1024.0,8,4.0,15.6,2073600.0,2.30,True,True,True,True
ASUS,76990,AMD,7,2020.0,2.9,8.0,True,512.0,8,4.0,15.6,2073600.0,2.30,True,True,True,False
acer,62490,Intel,5,2020.0,,,True,256.0,16,,14,2073600.0,1.68,True,True,True,True
DELL,69990,Intel,3,2020.0,1.7,,True,256.0,8,,14,2073600.0,1.56,True,True,True,True
ASUS,35000,Intel,3,2019.0,2.1,2.0,False,1024.0,4,,14,1049088.0,1.60,True,True,True,True
Lenovo,34990,Intel,3,2019.0,4.1,,True,256.0,8,,15.6,2073600.0,1.7,True,True,True,True
Lenovo,15990,Intel,1,,2.8,,False,,4,,11.6,1049088.0,1.12,True,True,True,True
ASUS,129990,AMD,9,2021.0,3.0,8.0,True,1024.0,16,4.0,15.6,2073600.0,2.30,True,True,True,False
MSI,45990,Intel,5,2019.0,4.2,4.0,True,512.0,8,,14,2073600.0,1.3,True,True,True,True
MSI,46490,Intel,3,2020.0,4.1,2.0,True,512.0,8,,14,2073600.0,1.3,True,True,True,True
MSI,59990,Intel,7,2020.0,4.7,4.0,True,512.0,8,,14,2073600.0,1.3,True,True,True,True
MSI,80590,Intel,7,2020.0,4.7,4.0,True,512.0,8,2.0,14,2073600.0,1.3,True,True,True,True
MSI,46990,Intel,5,2020.0,4.5,,True,512.0,8,,14,2073600.0,1.3,True,True,True,True
ASUS,75990,Intel,5,2020.0,2.7,6.0,True,1024.0,8,4.0,15.6,2073600.0,2.30,True,True,True,True
ASUS,71990,Intel,5,2020.0,2.7,6.0,True,512.0,8,4.0,17.3,2073600.0,2.60,True,True,True,True
ASUS,103990,Intel,7,2020.0,2.3,8.0,True,1024.0,16,4.0,15.6,2073600.0,2.30,True,True,True,True
ASUS,62990,Intel,5,2019.0,2.5,4.0,True,256.0,8,4.0,15.6,2073600.0,2.14,True,True,False,True
ASUS,57990,Intel,5,,2.4,4.0,True,256.0,8,4.0,15.6,2073600.0,2.14,True,True,False,True
ASUS,63990,Intel,7,2019.0,2.2,8.0,True,512.0,8,4.0,15.6,2073600.0,2.14,True,True,False,True
ASUS,74990,AMD,7,,2.9,8.0,True,1024.0,8,4.0,14,3686400.0,1.60,True,True,True,False
ASUS,68990,Intel,7,2019.0,2.2,8.0,True,256.0,16,4.0,15.6,2073600.0,2.14,True,True,False,True
ASUS,94990,Intel,7,2020.0,2.3,8.0,True,512.0,16,4.0,17.3,2073600.0,2.60,True,True,True,True
ASUS,80990,AMD,7,,2.9,8.0,True,512.0,16,4.0,17.3,2073600.0,2.60,True,True,True,True
ASUS,139990,AMD,9,,3.1,8.0,True,1024.0,16,6.0,15.6,3686400.0,1.90,True,True,True,False
ASUS,67990,Intel,7,2019.0,2.2,8.0,True,512.0,16,4.0,15.6,2073600.0,2.14,True,True,False,True
ASUS,48750,AMD,5,,,,True,512.0,8,,15.6,2073600.0,1.6,False,True,True,False
Lenovo,48500,Intel,3,2020.0,3.0,2.0,True,512.0,8,,15.6,2073600.0,1.65,True,True,True,True
Lenovo,82990,Intel,5,2020.0,2.4,4.0,True,512.0,16,,14,2073600.0,1.36,True,True,True,True
Lenovo,69990,Intel,5,2020.0,2.4,4.0,True,512.0,16,,14,3136000.0,1.38,True,True,True,True
ASUS,41500,Intel,3,2020.0,,,False,1024.0,8,,15.6,2073600.0,1.6,False,True,True,False
ASUS,47650,AMD,5,,2.1,6.0,True,512.0,8,,15.6,2073600.0,1.8,True,True,False,True
ASUS,119990,AMD,9,2021.0,3.0,8.0,True,1024.0,16,4.0,15.6,2073600.0,2.30,True,True,True,False
MSI,69990,Intel,5,2019.0,4.5,,True,512.0,8,4.0,15.6,2073600.0,1.86,True,True,True,True
MSI,82990,Intel,7,2019.0,5.0,,True,1024.0,16,6.0,15.6,2073600.0,1.86,True,True,True,True
HP,55990,AMD,5,,2.1,,True,512.0,8,,15.6,2073600.0,1.75,True,True,True,True
HP,68500,AMD,5,,2.1,,True,512.0,16,,15.6,2073600.0,1.75,True,True,True,True
MSI,84990,Intel,7,2020.0,4.60,,True,1024.0,16,4.0,15.6,2073600.0,2.25,True,True,True,True
MSI,79990,Intel,7,2019.0,5.0,,True,512.0,16,4.0,15.6,2073600.0,1.86,True,True,True,True
HP,99190,Intel,5,2020.0,2.4,,True,1024.0,16,4.0,14,2304000.0,1.59,True,True,True,True
MSI,94990,AMD,7,,4.4,,True,1024.0,16,8.0,15.6,2073600.0,2.35,True,True,True,True
ASUS,30990,Intel,3,2019.0,,,False,1024.0,4,,15.6,1049088.0,1.80,False,True,False,False
ASUS,32890,Intel,3,2019.0,2.1,2.0,False,1024.0,8,,14,2073600.0,,True,True,True,False
acer,112990,Intel,7,2020.0,2.30,8.0,True,512.0,16,6.0,15.6,3686400.0,2.3,True,True,True,True
ASUS,83000,Intel,5,2020.0,2.2,6.0,True,1024.0,8,4.0,17.3,2073600.0,2.6,True,True,True,True
HP,90940,AMD,7,,2.0,,True,1024.0,16,,13.3,2073600.0,1.32,True,True,True,True
ASUS,37990,Intel,3,2020.0,3.0,2.0,True,256.0,8,,15.6,2073600.0,1.80,True,True,True,True
ASUS,52990,Intel,5,2020.0,2.4,4.0,True,512.0,8,,15.6,2073600.0,1.80,True,True,True,True
ASUS,119990,Intel,7,2020.0,2.8,4.0,True,1024.0,16,,14,2073600.0,1.57,True,True,True,True
Lenovo,52990,AMD,5,,2.1,,True,512.0,8,,15.6,2073600.0,1.66,True,True,True,True
Lenovo,65990,Intel,5,2019.0,2.5,4.0,False,1024.0,8,4.0,15.6,2073600.0,2.2,True,True,True,True
Lenovo,88990,Intel,7,2020.0,3.3,,True,512.0,8,4.0,15.6,2073600.0,2.25,True,True,True,True
MSI,207290,Intel,7,2020.0,4.6,8.0,True,1024.0,16,8.0,15.6,3686400.0,2.1,True,True,True,True
ASUS,147990,AMD,9,,3.3,8.0,True,1024.0,16,6.0,15.6,2073600.0,2.30,True,True,True,False
ASUS,82990,AMD,7,,2.9,8.0,True,512.0,8,4.0,15.6,2073600.0,2.10,True,True,True,False
realme,55990,Intel,5,2020.0,2.4,,True,512.0,8,,14,3110400.0,1.38,True,True,False,False
realme,42990,Intel,3,2020.0,3.0,,True,256.0,8,,14,3110400.0,1.38,True,True,True,False
ASUS,76990,AMD,7,,2.9,8.0,True,512.0,8,4.0,15.6,2073600.0,2.10,True,True,True,False
realme,55990,Intel,5,2020.0,2.4,,True,512.0,8,,14,3110400.0,1.38,True,True,True,False
HP,84990,Intel,7,2020.0,4.8,4.0,True,512.0,16,4.0,15.6,2073600.0,2.23,True,True,True,True
ASUS,85990,Intel,5,2020.0,3.1,4.0,True,512.0,16,4.0,15.6,2073600.0,2.00,True,True,True,False
ASUS,63900,Intel,5,2020.0,2.4,4.0,True,512.0,16,,14,2073600.0,1.4,True,True,True,True
HP,64489,AMD,5,,2.3,6.0,True,512.0,16,,13.3,2073600.0,0.97,True,True,True,True
HP,77590,Intel,5,2020.0,2.4,4.0,True,512.0,16,2.0,13.3,2073600.0,1.30,True,True,True,True
DELL,43490,Intel,3,2020.0,,,False,1024.0,8,,15.6,2073600.0,,False,True,False,True
ASUS,33990,Intel,3,2019.0,2.1,2.0,False,1024.0,4,,14.1,2073600.0,1.6,True,True,True,True
MSI,108490,Intel,7,2020.0,4.60,,True,512.0,16,4.0,15.6,2073600.0,2.25,True,True,True,True
MSI,179990,Intel,7,2020.0,4.60,,True,1024.0,16,8.0,17.3,2073600.0,2.9,True,True,True,True
acer,129990,Intel,7,2020.0,4.60,8.0,True,1024.0,16,6.0,15.6,3686400.0,2.3,True,True,True,True
ASUS,154990,AMD,9,,3.3,8.0,True,1024.0,16,12.0,15.6,3686400.0,2.50,True,True,True,False
HP,57990,AMD,5,,3.3,6.0,True,512.0,8,4.0,15.6,2073600.0,1.98,True,True,True,True
ASUS,70990,AMD,7,,2.9,8.0,True,512.0,8,4.0,15.6,2073600.0,2.10,True,True,True,False
ASUS,62990,Intel,5,2020.0,,,True,256.0,8,2.0,15.6,2073600.0,,False,True,False,False
Lenovo,40990,Intel,3,2019.0,,,True,256.0,8,,14,2073600.0,,False,True,False,False
RedmiBook,48990,Intel,5,2020.0,3.1,4.0,True,512.0,8,,15.6,2073600.0,1.8,True,True,True,True
RedmiBook,40990,Intel,3,2020.0,3.0,,True,256.0,8,,15.6,2073600.0,1.8,True,True,True,True
MSI,44990,AMD,5,,4,6.0,True,512.0,8,,14,2073600.0,1.3,True,True,True,True
HP,67990,Intel,5,2020.0,4.4,4.0,True,256.0,8,4.0,15.6,2073600.0,2.28,True,True,True,True
ASUS,84990,AMD,7,,1.9,8.0,True,1024.0,16,,13.3,2073600.0,1.14,True,True,True,True
DELL,38990,Intel,3,2020.0,1.7,2.0,True,256.0,8,,14.96,2073600.0,1.58,True,True,True,True
acer,51990,AMD,5,,4.0,6.0,True,512.0,8,,15.6,2073600.0,1.76,True,True,True,True
acer,56490,AMD,5,,4.0,6.0,True,512.0,8,,14,2073600.0,1.2,True,True,True,True
ASUS,74990,AMD,5,,2.3,6.0,True,512.0,16,,13.3,2073600.0,1.14,True,True,True,True
DELL,69099,Intel,5,2020.0,2.4,4.0,True,256.0,8,2.0,15.6,2073600.0,1.85,True,True,True,True
DELL,41990,Intel,3,2020.0,1.7,2.0,False,1024.0,8,,14,2073600.0,1.58,True,True,True,True
DELL,54190,Intel,5,2020.0,2.4,4.0,True,512.0,8,2.0,14,2073600.0,1.58,True,True,True,True
Lenovo,58990,Intel,5,2020.0,2.4,4.0,True,512.0,8,,15.6,2073600.0,1.39,True,True,True,True
DELL,34990,Intel,3,2020.0,4.10,2.0,True,256.0,4,,14,2073600.0,1.58,True,True,True,True
HP,65900,AMD,5,,4.2,6.0,True,512.0,16,,13.3,2304000.0,0.97,True,True,True,True
HP,40890,AMD,3,,3.8,4.0,True,512.0,8,,15.6,2073600.0,1.69,True,True,True,True
MSI,69490,AMD,5,,4.2,6.0,True,512.0,8,4.0,15.6,2073600.0,2.35,True,True,True,True
ASUS,63990,Intel,5,2020.0,2.4,4.0,True,256.0,8,,15.6,2073600.0,1.8,True,True,True,True
Lenovo,56199,Intel,5,2020.0,2.4,4.0,True,256.0,8,,15.6,2073600.0,1.39,True,True,True,True
ASUS,41399,Intel,3,2020.0,,,True,256.0,4,,15.6,2138400.0,,False,True,False,False
Lenovo,76527,Intel,7,2019.0,2.6,6.0,True,512.0,8,4.0,15.6,2073600.0,2.2,True,True,True,True
ASUS,41990,Intel,3,2019.0,1.2,2.0,True,512.0,8,,15.6,2073600.0,1.80,True,True,True,True
ASUS,38990,Intel,3,2019.0,1.2,2.0,True,512.0,4,,15.6,2073600.0,1.80,True,True,True,True
ASUS,49990,Intel,5,2019.0,1.0,4.0,True,512.0,8,,15.6,2073600.0,1.80,True,True,True,True
ASUS,51990,Intel,5,2019.0,1.0,4.0,True,512.0,8,2.0,15.6,2073600.0,1.80,True,True,True,True
HP,52990,AMD,5,,2.1,,True,256.0,8,,14,2084400.0,1.51,True,True,True,True
DELL,40990,Intel,3,2019.0,1.2,2.0,True,512.0,8,,14,2073600.0,1.58,True,True,True,True
Lenovo,58500,Intel,5,2020.0,,,True,512.0,4,,14,2073600.0,,False,True,False,False
Lenovo,36990,Intel,3,2019.0,2.1,2.0,False,1024.0,8,,15.6,2073600.0,1.7,True,True,True,True
MSI,114990,Intel,7,2020.0,4.60,,True,1024.0,16,6.0,15.6,2073600.0,2.25,True,True,True,True
Lenovo,39990,Intel,3,2019.0,2.1,2.0,True,256.0,4,,15.6,2073600.0,1.7,True,True,True,True
Lenovo,35490,Intel,3,2019.0,2.1,2.0,False,1024.0,8,,15.6,1049088.0,1.7,True,True,True,True
Lenovo,39990,Intel,3,2020.0,3,2.0,True,256.0,8,,15.6,2073600.0,1.6,True,True,True,True
Avita,21490,AMD,6,,2.4,2.0,True,128.0,4,,14,1049088.0,1.34,True,True,False,True
ASUS,141990,AMD,9,,3.1,8.0,True,1024.0,16,6.0,15.6,3686400.0,1.90,True,True,True,False
acer,43490,Intel,3,2020.0,,,True,256.0,8,,14,2073600.0,1.68,True,True,True,True
acer,52990,Intel,5,2020.0,,,True,256.0,8,,14,2073600.0,1.68,True,True,True,True
HP,53880,Intel,5,2019.0,1.0,4.0,True,512.0,8,,14,2073600.0,1.49,True,True,True,True
Lenovo,93999,Intel,5,2020.0,2.4,4.0,True,512.0,16,,14,2073600.0,1.43,True,True,True,True
Lenovo,56999,Intel,5,2020.0,2.4,4.0,True,512.0,8,,15.6,2073600.0,1.65,True,True,True,True
Lenovo,21896,AMD,9,,3.1,2.0,False,1024.0,4,,14,1049088.0,2.2,True,True,True,True
HP,109990,AMD,7,,4.4,8.0,True,1024.0,16,6.0,15.6,2073600.0,2.37,True,True,True,True
ASUS,21990,Intel,1,,1.1,2.0,False,,4,,11.6,1049088.0,1.20,True,True,True,True
ASUS,19990,Intel,1,,1.1,2.0,False,,4,,11.6,1049088.0,1,True,True,True,True
ASUS,20499,Intel,1,,1.1,2.0,False,,4,,15.6,1049088.0,1.43,True,True,True,True
HP,158490,AMD,7,,4.4,8.0,True,1024.0,16,8.0,15.6,3686400.0,2.37,True,True,True,True
ASUS,22990,Intel,1,,1.1,2.0,False,,4,,14,1049088.0,1.34,True,True,True,True
ASUS,19990,Intel,1,,1.1,2.0,False,,4,,14,1049088.0,1.20,True,True,True,True
ASUS,239990,AMD,9,,3.1,8.0,True,1024.0,32,4.0,13.4,9216000.0,1.3,True,True,True,True
ASUS,23990,Intel,1,,1.1,2.0,False,,4,,15.6,2073600.0,1.69,True,True,True,True
HP,88900,AMD,7,,4.4,8.0,True,512.0,16,4.0,15.6,2073600.0,1.98,True,True,True,True
ASUS,20990,Intel,1,,1.1,2.0,False,,4,,11.6,1049088.0,1.05,True,True,True,False
Lenovo,75999,AMD,5,,3.0,6.0,True,512.0,8,4.0,15.6,2073600.0,2.2,True,True,True,True
ASUS,68990,AMD,5,,2.1,6.0,True,1024.0,8,,14.1,2073600.0,1.4,True,True,True,True
Lenovo,27090,AMD,9,,3.1,2.0,False,1024.0,4,,14,1049088.0,2.2,True,True,True,True
Lenovo,50990,Intel,5,2020.0,2.4,4.0,True,512.0,8,,14,2073600.0,1.41,True,True,True,True
Lenovo,65490,Intel,5,2019.0,2.5,4.0,True,512.0,8,4.0,15.6,2073600.0,2.3,True,True,True,True
acer,72990,AMD,5,,3.3,6.0,True,256.0,8,4.0,15.6,2073600.0,2.4,True,True,True,True
DELL,72748,Intel,5,2020.0,2.6,4.0,True,512.0,16,,14,2073600.0,1.5,True,True,True,True
DELL,59490,AMD,5,,2.4,6.0,True,512.0,8,,14,2073600.0,1.5,True,True,True,True
ASUS,101990,AMD,7,,3.2,8.0,True,1024.0,16,4.0,15.6,2073600.0,2.1,True,True,True,False
ASUS,58990,AMD,5,,2.1,6.0,True,512.0,8,,14,2073600.0,1.40,True,True,True,True
Lenovo,28021,AMD,6,,3.0,2.0,False,1024.0,4,,14,1049088.0,2.2,True,True,True,True
HP,42490,Intel,3,2019.0,2.1,2.0,True,512.0,8,,15.6,2073600.0,1.74,True,True,True,True
DELL,83990,Intel,5,2020.0,2.4,4.0,True,512.0,16,2.0,14,2073600.0,1.56,True,True,True,True
ASUS,55990,Intel,5,2019.0,,,True,256.0,8,2.0,15.6,2073600.0,,False,True,False,False
DELL,68990,Intel,5,2020.0,2.6,4.0,True,512.0,16,,15.3,2073600.0,1.65,True,True,True,True
DELL,59490,AMD,5,,2.4,6.0,True,512.0,8,,15.6,2073600.0,1.64,True,True,True,True
DELL,71987,Intel,5,2020.0,2.6,4.0,True,512.0,16,2.0,15.6,2073600.0,1.65,True,True,True,True
DELL,71900,Intel,5,2020.0,4.40,4.0,True,512.0,16,,15.6,2073600.0,1.65,True,True,True,True
DELL,88990,Intel,5,2020.0,1,4.0,True,512.0,16,2.0,14,4096000.0,1.35,True,True,True,True
DELL,181790,Intel,7,2020.0,2.4,4.0,True,1024.0,16,,13.4,7464960.0,1.27,True,True,True,True
ASUS,78000,AMD,5,,2.1,6.0,True,512.0,16,,17.3,2073600.0,2.30,True,True,True,True
HP,62990,AMD,5,,3.0,6.0,True,512.0,8,4.0,15.6,2073600.0,1.98,True,True,True,True
DELL,78990,Intel,5,2020.0,2.4,4.0,True,512.0,16,,14,2073600.0,1.56,True,True,True,True
DELL,70890,Intel,5,2020.0,2.4,4.0,True,512.0,8,,14,2073600.0,1.56,True,True,True,True
ASUS,109990,Intel,7,2020.0,2.3,8.0,True,1024.0,8,4.0,15.6,2073600.0,2.3,True,True,True,True
MSI,55490,Intel,5,2019.0,2.5,,False,1024.0,8,4.0,15.6,2073600.0,1.86,True,True,True,True
DELL,75090,Intel,5,2019.0,2.4,4.0,True,512.0,16,4.0,15.6,2073600.0,2.4,True,True,True,True
DELL,76990,Intel,5,2019.0,2.4,4.0,True,512.0,16,4.0,15.6,2073600.0,2.4,True,True,True,True
ASUS,109990,AMD,9,,3.1,8.0,True,1024.0,16,4.0,13.4,2304000.0,1.3,True,True,True,True
ASUS,78990,Intel,5,2020.0,2.7,6.0,True,1024.0,8,4.0,17.3,2073600.0,2.6,True,True,True,True
DELL,65990,Intel,5,2019.0,2.4,4.0,True,512.0,8,4.0,15.6,2073600.0,2.4,True,True,True,True
MSI,128990,Intel,7,2020.0,5,,True,1024.0,16,6.0,15.6,2073600.0,1.7,True,True,True,True
HP,36990,Intel,3,2019.0,2.1,2.0,False,1024.0,8,,15.6,2073600.0,1.76,True,True,True,True
Lenovo,58990,Intel,5,2020.0,2.4,4.0,True,256.0,8,2.0,15.6,2073600.0,1.66,True,True,True,True
Lenovo,66990,Intel,5,2020.0,2.4,4.0,True,512.0,16,2.0,15.6,2073600.0,1.66,True,True,True,True
DELL,37126,Intel,3,2019.0,1.2,2.0,True,256.0,4,,14,2073600.0,1.58,True,True,True,True
HP,61990,AMD,5,,3.0,6.0,True,512.0,8,4.0,15.6,2073600.0,1.98,True,True,True,True
DELL,69490,AMD,5,,2.4,6.0,True,512.0,8,,14,2073600.0,1.56,True,True,True,True
DELL,79990,Intel,5,2020.0,2.4,4.0,True,512.0,8,2.0,14,2073600.0,1.56,True,True,True,True
Lenovo,51499,Intel,3,2020.0,3.0,2.0,True,256.0,8,,14,2073600.0,1.41,True,True,True,True
Lenovo,61990,Intel,5,2020.0,2.4,4.0,True,512.0,16,,15.6,2073600.0,1.66,True,True,True,True
MSI,69990,Intel,5,2019.0,2.5,6.0,True,512.0,16,6.0,15.6,2073600.0,1.86,True,True,True,True
MSI,54990,Intel,5,2019.0,2.5,6.0,True,256.0,8,4.0,15.6,2073600.0,1.86,True,True,True,True
DELL,64990,Intel,5,2019.0,4.2,4.0,True,512.0,8,2.0,15.6,2073600.0,1.8,False,True,False,True
DELL,68499,Intel,5,2019.0,,4.0,True,512.0,8,4.0,15.6,2073600.0,2.3,False,True,False,True
Lenovo,53990,Intel,5,2020.0,2.4,4.0,True,512.0,8,,15.6,2073600.0,1.65,True,True,True,True
Lenovo,43790,Intel,3,2020.0,3.0,2.0,True,256.0,8,,14,2073600.0,1.41,True,True,True,True
ASUS,58990,AMD,5,,2.1,6.0,True,512.0,8,,14,2073600.0,1.40,True,True,True,True
Lenovo,59990,AMD,7,,1.8,8.0,True,512.0,8,,14,2073600.0,1.39,True,True,True,True
HP,75990,AMD,7,,2.9,8.0,True,256.0,16,4.0,15.6,2073600.0,2.19,True,True,True,True
ASUS,89990,Intel,5,2020.0,2.7,6.0,True,512.0,16,6.0,15.6,2073600.0,2.3,True,True,True,True
ASUS,58990,AMD,5,,2.1,6.0,True,512.0,8,,14,2073600.0,1.40,True,True,True,True
Lenovo,57990,Intel,5,2020.0,2.4,4.0,True,512.0,8,,15.6,2073600.0,1.65,True,True,True,True
Lenovo,155411,Intel,5,2019.0,1.6,4.0,True,512.0,16,,14,2073600.0,1.55,True,True,True,True
Lenovo,81999,Intel,5,2020.0,2.4,4.0,True,512.0,16,,14,2073600.0,1.36,True,True,True,True
Lenovo,96990,Intel,7,2020.0,2.8,4.0,True,1024.0,16,,14,2073600.0,1.36,True,True,True,True
Lenovo,48490,Intel,5,2020.0,2.4,4.0,True,256.0,8,,15.6,2073600.0,1.65,True,True,True,True
ASUS,110400,AMD,7,2021.0,3.2,8.0,True,1024.0,8,4.0,14,2073600.0,1.60,True,True,True,True
Lenovo,84086,Intel,5,2020.0,2.4,4.0,True,512.0,8,2.0,15.6,2073600.0,1.7,False,True,False,True
Lenovo,67990,Intel,5,2020.0,2.4,,True,512.0,8,,15.6,2073600.0,1.7,False,True,False,True
HP,46498,Intel,3,2020.0,3.0,2.0,True,512.0,8,,15.6,1049088.0,1.74,True,True,True,True
Lenovo,53990,Intel,5,2019.0,2.50,4.0,True,512.0,8,4.0,15.6,2073600.0,2.2,True,True,True,True
Lenovo,72199,Intel,5,,2.40,4.0,True,256.0,8,4.0,15.6,2073600.0,2.3,True,True,True,True
ASUS,77990,Intel,7,2020.0,2.8,4.0,True,512.0,8,,14,2073600.0,1.40,True,True,True,True
Lenovo,65990,Intel,5,2020.0,2.4,,True,512.0,8,,15.6,2073600.0,1.7,False,True,False,True
Lenovo,77990,Intel,5,2020.0,2.4,4.0,True,512.0,16,,15.6,2073600.0,1.7,False,True,False,True
Lenovo,125394,Intel,5,2019.0,1.6,4.0,True,512.0,8,,14,2073600.0,1.55,True,True,True,True
ASUS,62790,AMD,5,,2.1,6.0,True,256.0,8,,17.3,2073600.0,2.30,True,True,True,True
ASUS,102990,Intel,7,2020.0,2.8,4.0,True,1024.0,16,,13.3,2073600.0,1.14,True,True,True,True
Lenovo,27990,AMD,1,,2.3,2.0,False,1024.0,4,,15.6,1049088.0,1.85,True,True,True,True
Lenovo,27890,AMD,1,,2.4,2.0,False,1024.0,4,,15.6,2073600.0,1.85,True,True,True,True
DELL,114690,Intel,5,2020.0,1,4.0,True,512.0,16,,13.3,2073600.0,1.16,True,True,True,True
ASUS,34990,Intel,3,2020.0,3.0,2.0,True,256.0,4,,14,2073600.0,1.55,True,True,True,True
DELL,61990,Intel,5,2020.0,2.4,4.0,True,256.0,8,,14,2073600.0,1.58,True,True,True,True
DELL,36057,Intel,3,2019.0,1.2,2.0,True,256.0,4,,14,2073600.0,1.58,True,True,True,True
Lenovo,68999,Intel,5,2019.0,2.50,4.0,True,256.0,8,4.0,15.6,2073600.0,2.2,True,True,True,True
Lenovo,63990,AMD,5,,3.0,6.0,True,256.0,8,4.0,15.6,2073600.0,2.2,True,True,True,True
Lenovo,56990,Intel,5,2020.0,2.4,4.0,True,512.0,8,,14,2073600.0,1.39,True,True,True,True
Lenovo,67990,AMD,7,,1.8,8.0,True,512.0,16,,15.6,2073600.0,1.66,True,True,True,True
Lenovo,27990,AMD,1,,2.3,2.0,False,1024.0,4,,15.6,1049088.0,1.85,True,True,True,True
ASUS,65990,Intel,5,2019.0,2.5,4.0,True,512.0,8,4.0,15.6,2073600.0,2.3,True,True,True,True
DELL,43126,Intel,3,2020.0,1.7,2.0,True,256.0,4,,14,2073600.0,1.58,True,True,True,True
acer,54990,Intel,5,2019.0,2.4,,True,512.0,8,4.0,15.6,2073600.0,2.15,True,True,True,True
ASUS,92590,Intel,7,2019.0,2.2,8.0,True,1024.0,16,4.0,15.6,2073600.0,2.30,True,True,True,False
ASUS,84500,AMD,5,2020.0,3.0,6.0,True,512.0,8,4.0,14,2073600.0,1.60,True,True,True,True
ASUS,62990,AMD,5,,2.1,6.0,True,512.0,8,,14,2073600.0,1.50,True,True,True,True
MSI,75990,Intel,5,2019.0,2.5,6.0,True,512.0,16,6.0,15.6,2073600.0,1.86,True,True,True,True
ASUS,77990,AMD,5,2021.0,2.1,6.0,True,512.0,8,,14,2073600.0,1.22,True,True,True,True
DELL,64290,Intel,5,2020.0,2.6,4.0,True,512.0,8,,14,2073600.0,1.5,True,True,True,True
DELL,72990,Intel,5,2020.0,2.4,4.0,True,512.0,8,,14,2073600.0,1.56,True,True,True,True
DELL,67999,Intel,5,2020.0,2.4,4.0,True,256.0,8,2.0,15.6,2073600.0,1.83,True,True,True,True
DELL,55990,Intel,5,2020.0,2.4,4.0,True,256.0,4,,14.9,2073600.0,1.83,True,True,True,True
ASUS,88990,Intel,5,2020.0,2.6,4.0,True,512.0,16,6.0,15.6,2073600.0,2.,True,True,True,True
DELL,40490,Intel,3,2019.0,1.2,2.0,True,256.0,8,,15.6,2073600.0,1.83,True,True,True,True
DELL,44999,Intel,3,2020.0,1.7,2.0,False,1024.0,8,,15.6,2073600.0,1.83,True,True,True,True
HP,44390,Intel,3,2020.0,4.10,2.0,True,256.0,8,,14,1049088.0,1.46,True,True,True,True
Lenovo,102999,Intel,7,2020.0,,,True,512.0,16,,14,2073600.0,,False,True,False,False
Lenovo,109990,Intel,7,2020.0,2.8,4.0,True,1024.0,16,,13.3,4096000.0,0.966,True,True,True,True
DELL,94990,Intel,5,2019.0,,,True,512.0,8,,13.3,2073600.0,,False,True,False,False
DELL,42990,Intel,3,2020.0,,,False,1024.0,8,,15.6,2073600.0,,False,True,False,False
MSI,67490,Intel,7,2019.0,2.6,,True,256.0,8,4.0,15.6,2073600.0,1.86,True,True,True,True
HP,37999,Intel,3,2020.0,4.1,2.0,True,256.0,8,,14,2073600.0,1.46,True,True,True,True
acer,94990,AMD,7,,3.2,8.0,True,256.0,16,6.0,15.6,2073600.0,2.4,True,True,True,True
ASUS,136990,Intel,7,2020.0,2.8,4.0,True,1024.0,16,2.0,14,2073600.0,1.62,True,True,True,True
ASUS,77990,Intel,5,2019.0,2.5,,True,1024.0,8,4.0,15.6,2073600.0,2.30,True,True,True,False
DELL,62990,Intel,3,2020.0,1.7,2.0,True,512.0,8,,14,2073600.0,1.56,True,True,True,True
MSI,80490,Intel,5,2020.0,2.4,,True,512.0,16,,14,2073600.0,1.29,True,True,True,True
HP,51490,AMD,5,,4.0,6.0,True,512.0,8,,15.6,2073600.0,1.69,True,True,True,True
ASUS,99990,AMD,7,,2.8,8.0,True,1024.0,16,4.0,13.4,2304000.0,1.30,True,True,True,True
MSI,70990,Intel,7,2020.0,1.2,,True,512.0,8,,14,2073600.0,1.3,True,True,True,True
ASUS,119990,AMD,9,,3,8.0,True,1024.0,16,4.0,13.4,9216000.0,1.30,True,True,True,True
ASUS,129990,AMD,9,,3,8.0,True,1024.0,32,4.0,13.4,9216000.0,1.30,True,True,True,True
Lenovo,65990,Intel,5,2020.0,2.4,,True,512.0,8,,15.6,2073600.0,1.7,False,True,False,True
DELL,76499,Intel,5,2020.0,4.40,4.0,True,512.0,8,2.0,15.6,2073600.0,1.65,True,True,True,True
ASUS,79990,Intel,5,2020.0,2.4,4.0,True,512.0,8,,13.3,2073600.0,1.30,True,True,True,True
ASUS,33990,Intel,3,2019.0,1.2,2.0,False,1024.0,4,,15.6,1049088.0,1.80,True,True,True,True
ASUS,59990,Intel,5,2019.0,2.5,4.0,True,512.0,8,4.0,15.6,2073600.0,2.3,True,True,True,True
ASUS,54990,Intel,5,,2.4,4.0,True,512.0,8,4.0,15.6,2073600.0,2.14,True,True,True,True
ASUS,87490,Intel,5,2020.0,3.1,4.0,True,512.0,16,6.0,15.6,2073600.0,2,True,True,True,False
MSI,132490,Intel,7,2019.0,2.6,,True,256.0,16,6.0,15.6,2073600.0,2.33,True,True,True,True
ASUS,32990,AMD,3,,2.6,2.0,True,256.0,4,,15.6,2073600.0,1.80,True,True,True,True
HP,58498,Intel,5,2020.0,4.2,4.0,True,512.0,8,,14,2073600.0,1.46,True,True,True,True
acer,54990,Intel,5,2020.0,,,True,512.0,8,,15.6,2073600.0,1.65,True,True,True,True
DELL,39990,AMD,3,,2.3,2.0,False,1024.0,8,,15.6,2073600.0,1.83,True,True,True,True
acer,60990,AMD,5,,3,6.0,True,256.0,8,4.0,15.6,2073600.0,2.3,True,True,True,True
DELL,40990,Intel,3,2020.0,1.7,2.0,False,1024.0,8,,14,2073600.0,1.58,True,True,True,True
HP,51900,AMD,5,,4.0,6.0,True,512.0,8,,14,2073600.0,1.46,True,True,True,True
DELL,55690,Intel,5,2020.0,2.4,4.0,True,512.0,8,2.0,14,2073600.0,1.58,True,True,True,True
HP,60990,Intel,5,2020.0,4.20,4.0,True,512.0,8,2.0,15.6,2073600.0,1.75,True,True,True,True
acer,57990,AMD,7,,,8.0,True,512.0,8,,15.6,2073600.0,1.76,True,True,True,True
acer,49990,AMD,5,,,6.0,True,512.0,8,,15.6,2073600.0,1.76,True,True,True,True
acer,42990,Intel,7,,,,False,1024.0,8,,14,1049088.0,1.8,True,True,True,True
ASUS,114990,Intel,5,2020.0,2.4,4.0,True,512.0,16,2.0,14,2073600.0,1.62,True,True,True,True
HP,53990,AMD,5,,2.1,4.0,True,512.0,8,,15.6,2073600.0,1.69,True,True,True,True
HP,63500,Intel,5,2020.0,4.2,4.0,True,512.0,8,,14,1049088.0,1.46,True,True,True,True
ASUS,101990,Intel,5,2020.0,2.4,4.0,True,512.0,8,,14,2073600.0,1.62,True,True,True,True
ASUS,75100,AMD,5,,2.1,6.0,True,256.0,8,,15.6,2073600.0,1.80,True,True,True,True
ASUS,46990,Intel,3,2020.0,3.0,2.0,True,512.0,8,,14,2073600.0,1.4,False,True,True,True
ASUS,48999,AMD,5,,2.1,6.0,True,512.0,8,,15.6,2073600.0,1.80,True,True,True,True
acer,99990,Intel,7,2019.0,,,True,256.0,16,6.0,15.6,2073600.0,2.3,True,True,True,True
DELL,43000,Intel,3,2019.0,1.2,2.0,False,1024.0,8,,15.6,2073600.0,1.83,True,True,True,True
ASUS,79990,Intel,5,2020.0,4.20,4.0,True,512.0,8,,13.3,2073600.0,1.30,True,True,True,True
Lenovo,44990,Intel,3,2020.0,3.0,,True,256.0,4,,15.6,2073600.0,1.7,False,True,False,True
Lenovo,66490,Intel,5,2020.0,2.4,,True,512.0,8,,15.6,2073600.0,1.7,False,True,False,True
Lenovo,122488,Intel,7,2020.0,2.80,4.0,True,1024.0,16,,13.3,2073600.0,0.996,True,True,True,True
acer,94990,AMD,5,,,6.0,True,256.0,16,6.0,15.6,2073600.0,2.4,True,True,True,True
DELL,58990,Intel,5,2020.0,,,False,1024.0,8,,14,2073600.0,,False,True,False,False
Lenovo,58999,Intel,5,2019.0,,,True,256.0,8,,14,2073600.0,,False,True,False,False
Lenovo,265998,Intel,9,2019.0,,,True,1024.0,16,8.0,15.6,2073600.0,,False,True,False,False
HP,45900,Intel,3,2020.0,4.1,2.0,True,256.0,8,,15.6,2073600.0,1.69,True,True,True,True
Lenovo,55999,Intel,5,,,,False,1024.0,4,2.0,14,2073600.0,,False,True,False,False
Lenovo,79990,AMD,7,,2,8.0,True,512.0,16,,13.3,2073600.0,1.32,True,True,True,True
Lenovo,81990,Intel,7,2020.0,2.8,4.0,True,512.0,16,,14,2073600.0,1.5,True,True,True,True
MSI,56490,Intel,5,2019.0,1.6,4.0,True,512.0,8,,14,2073600.0,1.3,True,True,True,True
HP,43690,Intel,3,2020.0,3.5,2.0,False,1024.0,8,,15.6,2073600.0,1.77,True,True,True,True
HP,37990,Intel,3,2020.0,4.1,2.0,True,256.0,8,,14,2073600.0,1.46,True,True,True,True
ASUS,32490,AMD,3,,2.6,2.0,True,256.0,4,,15.6,2073600.0,1.80,False,True,True,True
Lenovo,82000,AMD,7,,2.9,8.0,True,512.0,8,4.0,15.6,2073600.0,2.2,True,True,True,True
ASUS,82990,Intel,5,2019.0,2.5,4.0,True,512.0,16,6.0,15.6,2073600.0,2.30,True,True,True,True
HP,44800,Intel,3,2020.0,4.1,2.0,True,512.0,8,,15.6,2073600.0,1.75,True,True,True,True
HP,74990,Intel,5,2020.0,4.2,4.0,True,512.0,16,2.0,14,2073600.0,1.41,True,True,True,True
HP,61000,Intel,5,2020.0,4.2,4.0,True,512.0,8,,15.6,2073600.0,1.69,True,True,True,True
HP,48900,Intel,3,2020.0,4.1,2.0,True,512.0,8,,15.6,2073600.0,1.75,True,True,True,True
HP,60390,Intel,5,2020.0,4.20,4.0,True,512.0,8,,15.6,2073600.0,1.69,True,True,True,True
Lenovo,57899,Intel,3,2020.0,1.2,2.0,True,512.0,8,,14,2073600.0,1.5,True,True,True,True
Lenovo,53990,Intel,3,2020.0,3.0,2.0,True,512.0,8,,14,2073600.0,1.5,True,True,True,False
acer,54990,AMD,5,,2.1,6.0,True,512.0,8,4.0,15.6,2073600.0,2.15,True,True,True,True
Lenovo,51990,Intel,3,2020.0,4.10,2.0,True,256.0,8,,14,2073600.0,1.5,True,True,True,True
HP,55490,Intel,3,2020.0,4.10,2.0,True,512.0,8,,14,2073600.0,1.61,True,True,True,True
Lenovo,60870,Intel,5,2019.0,1.6,4.0,True,256.0,8,2.0,15.6,2073600.0,1.8,True,True,True,True
lenovo,168998,Intel,7,2020.0,3,4.0,True,1024.0,16,,14,8294400.0,1.44,True,True,True,True
HP,94000,Intel,5,2020.0,,,True,512.0,8,,13.3,1049088.0,,False,True,False,False
DELL,42090,Intel,3,2019.0,,,False,1024.0,8,,14.96,2138400.0,,False,True,False,False
lenovo,99990,Intel,7,2020.0,2.8,4.0,True,512.0,16,,14,2073600.0,1.43,True,True,True,True
Lenovo,64390,Intel,5,,2.4,4.0,True,256.0,8,4.0,15.6,2073600.0,2.3,True,True,True,True
DELL,51990,Intel,5,2020.0,4.20,4.0,False,1024.0,8,,14,2073600.0,1.58,True,True,True,True
DELL,39490,Intel,3,2019.0,1.2,2.0,True,256.0,4,,15,2073600.0,1.83,True,True,True,True
DELL,37990,Intel,3,2019.0,1.2,2.0,True,256.0,8,,14,2073600.0,1.58,True,True,True,True
Mi,59990,Intel,7,2019.0,1.8,4.0,True,512.0,8,2.0,14,2073600.0,1.35,True,True,True,False
ASUS,63990,Intel,5,2019.0,2.5,4.0,True,512.0,8,4.0,15.6,2073600.0,2.30,True,True,True,True
HP,54490,Intel,5,2020.0,4.20,4.0,False,1024.0,8,2.0,15.6,2073600.0,1.77,True,True,True,True
HP,53990,Intel,3,2020.0,4.10,2.0,True,256.0,8,,14,2073600.0,1.61,True,True,True,True
DELL,40990,Intel,3,2019.0,1.2,2.0,False,1024.0,8,,14,2073600.0,1.58,True,True,True,True
HP,41490,AMD,3,,2.6,2.0,True,256.0,8,,15.6,2073600.0,1.82,True,True,True,True
ASUS,44990,Intel,5,2019.0,1,4.0,False,1024.0,8,,15.6,2073600.0,1.80,True,True,True,True
ASUS,40090,Intel,3,2019.0,1.2,2.0,False,1024.0,8,,15.6,2073600.0,1.80,True,True,True,True
ASUS,50990,Intel,5,2019.0,1,4.0,True,256.0,8,,15.6,2073600.0,1.80,True,True,True,True
ASUS,73990,Intel,5,2020.0,4.20,4.0,True,512.0,8,4.0,14,2073600.0,1.50,True,True,True,True
MSI,39990,Intel,3,2019.0,2.1,2.0,True,256.0,8,,14,2073600.0,1.3,True,True,True,True
HP,44990,Intel,3,2020.0,4.10,2.0,False,1024.0,8,,15.6,2073600.0,1.77,True,True,True,True
MSI,47490,Intel,3,2019.0,2.1,2.0,True,512.0,8,,14,2073600.0,1.3,True,True,True,True
MSI,154990,Intel,7,2020.0,4.80,4.0,True,1024.0,16,4.0,15.6,2073600.0,1.79,True,True,True,True
DELL,68290,Intel,5,2020.0,2.4,4.0,True,512.0,8,,14,2073600.0,1.72,True,True,True,True
DELL,58800,Intel,3,2020.0,3,2.0,True,512.0,4,,14,2073600.0,1.72,True,True,True,True
DELL,115990,Intel,5,2020.0,4.20,4.0,True,512.0,8,,13.3,2304000.0,1.2,True,True,True,True
Lenovo,62490,AMD,5,,3,6.0,True,256.0,8,4.0,15.6,2073600.0,2.2,True,True,True,True
DELL,56992,Intel,5,,1.6,4.0,True,256.0,8,2.0,15.6,2073600.0,2.2,True,True,True,True
HP,39990,Intel,3,2020.0,4.10,2.0,False,1024.0,8,,15.6,2073600.0,1.77,True,True,True,True
Vaio,62890,Intel,5,,1.6,4.0,True,512.0,8,,14,2073600.0,1.35,True,True,True,True
DELL,86990,Intel,5,2020.0,4.20,4.0,True,512.0,8,2.0,14.5,4096000.0,1.35,True,True,True,True
acer,159990,Intel,7,2019.0,2.6,6.0,True,2048.0,16,8.0,15.6,2073600.0,2.1,True,True,True,True
Lenovo,75999,AMD,5,,3,6.0,True,512.0,8,4.0,15.6,2073600.0,2.2,True,True,True,True
Lenovo,50001,Intel,5,2019.0,1,4.0,True,512.0,8,,15.6,2073600.0,1.85,True,True,True,True
acer,45990,Intel,5,2019.0,1,4.0,False,1024.0,8,2.0,15.6,2073600.0,1.9,True,True,True,True
ASUS,41990,Intel,3,2020.0,4.10,2.0,True,256.0,4,,14,2073600.0,1.40,True,True,True,True
ASUS,59990,Intel,5,2020.0,4.20,4.0,True,512.0,8,,14,2073600.0,1.40,True,True,True,True
Vaio,57990,AMD,7,,2.3,4.0,True,512.0,8,,15.6,2073600.0,1.77,True,True,True,True
Vaio,49590,AMD,5,,2.1,4.0,True,512.0,8,,15.6,2073600.0,1.77,True,True,True,True
Vaio,56990,AMD,7,,2.3,4.0,True,512.0,8,,15.6,2073600.0,1.77,True,True,True,True
Vaio,50990,AMD,5,,2.1,4.0,True,512.0,8,,15.6,2073600.0,1.77,True,True,True,True
Lenovo,54990,AMD,7,,2.0,8.0,True,512.0,8,,14,2073600.0,1.39,True,True,True,True
acer,51990,AMD,5,,2.1,4.0,True,512.0,8,4.0,15.6,2073600.0,2.15,True,True,True,True
acer,51990,AMD,5,,2.1,4.0,True,512.0,8,4.0,15.6,2073600.0,2.15,True,True,True,True
acer,93190,Intel,7,2020.0,4.70,4.0,True,1024.0,16,,14,2073600.0,1.05,True,True,True,True
Lenovo,65990,Intel,5,2019.0,1.6,4.0,True,512.0,8,,13.6,2073600.0,1.35,True,True,True,True
Lenovo,60990,Intel,5,2019.0,1.0,4.0,True,512.0,8,2.0,14,2073600.0,1.60,True,True,True,True
DELL,42490,Intel,3,2019.0,1.2,2.0,False,1024.0,8,,15.6,2073600.0,1.83,True,True,True,True
acer,150490,Intel,7,2019.0,2.2,8.0,True,2048.0,16,8.0,15.6,2073600.0,2.5,True,True,True,True
Lenovo,97699,Intel,7,2019.0,,,True,256.0,8,4.0,15.6,2073600.0,,False,True,False,False
DELL,72000,Intel,5,2019.0,,,True,512.0,8,,14,2073600.0,1.8,False,True,False,False
Lenovo,30990,Intel,3,,2.3,2.0,False,1024.0,4,,15.6,2073600.0,1.85,True,True,True,True
Lenovo,244801,Intel,7,,1.9,4.0,True,512.0,16,2.0,14,2073600.0,1.55,True,True,True,True
Lenovo,272000,Intel,7,,2.6,6.0,True,1024.0,16,4.0,15.6,2073600.0,2.5,True,True,True,True
HP,48490,Intel,5,2019.0,,,False,1024.0,8,,15.6,1049088.0,,False,True,False,False
Lenovo,50100,Intel,5,,,,False,1024.0,4,,14,2073600.0,,False,True,False,False
ASUS,86990,Intel,5,2019.0,1.6,4.0,True,512.0,8,2.0,14,2073600.0,1.60,True,True,True,True
Lenovo,58999,Intel,5,2019.0,1,4.0,True,256.0,8,,14,2073600.0,1.6,True,True,True,True
Mi,54999,Intel,5,2019.0,1.6,4.0,True,512.0,8,2.0,14,2073600.0,1.35,True,True,True,False
ASUS,53690,Intel,5,,1.6,4.0,True,512.0,8,,14,2073600.0,1.5,True,True,True,True
Lenovo,142990,Intel,7,2019.0,1.3,4.0,True,1024.0,16,,14,8294400.0,1.25,True,True,True,True
Lenovo,214760,Intel,7,2019.0,1.8,4.0,True,512.0,16,,14,3686400.0,1.09,True,True,True,True
Nokia,53990,Intel,5,2019.0,1.6,4.0,True,512.0,8,,14,2073600.0,1.1,True,True,True,True
HP,239759,Intel,7,2019.0,1.2,4.0,True,512.0,16,,13.3,2073600.0,1.49,True,True,True,True
HP,85555,AMD,5,,2.375,6.0,True,512.0,8,,13.3,2073600.0,1.32,True,True,True,True
HP,26990,Intel,1,,1.1,2.0,False,,4,,14,1049088.0,1.46,True,True,True,True
Lenovo,44590,Intel,3,2019.0,1,2.0,False,1024.0,4,,14,1049088.0,1.6,True,True,True,True
